time,place,magnitude,latitude,longitude,province
2024-12-29 08:02:09.337,"11 km SSE of Palekastro, Greece",4.5,35.1088,26.3233,
2024-12-04 09:09:10.259,"67 km SW of Gazipaşa, Turkey",4.8,35.9165,31.7105,
2024-11-29 19:13:15.546,"65 km WSW of Gazipaşa, Turkey",4.8,35.9421,31.7094,
2024-11-22 09:29:49.069,"38 km SSW of Kéfalos, Greece",4.6,36.4388,26.7603,
2024-11-15 09:02:01.836,"2 km WNW of Nurluca, Turkey",4.5,41.0371,40.882,Rize
2024-11-15 07:46:20.265,"15 km E of Nurhak, Turkey",4.9,37.9554,37.6128,Kahramanmaraş
2024-11-08 14:04:01.624,"21 km SSW of Kovancılar, Turkey",5.1,38.5535,39.7334,Elazığ
2024-10-27 17:07:10.334,"21 km SSE of Feke, Turkey",4.9,37.6308,36.0057,Adana
2024-10-19 11:41:10.568,"18 km NW of Pazarcık, Turkey",4.5,37.5967,37.1395,Kahramanmaraş
2024-10-17 08:29:57.386,"23 km S of Hafik, Turkey",4.5,39.6516,37.3342,Sivas
2024-10-16 07:46:32.516,"19 km W of Doğanyol, Turkey",6.0,38.3115,38.8059,Malatya
2024-10-15 16:54:21.860,"87 km SE of Lárdos, Greece",4.6,35.5373,28.7063,
2024-10-04 05:57:19.724,"32 km NW of Karapınar, Turkey",4.5,37.907,33.2723,Konya
2024-09-07 06:31:10.994,"28 km SW of Pazarcık, Turkey",5.0,37.3103,37.0627,Kahramanmaraş
2024-08-16 10:15:36.916,"5 km NNW of As Salamīyah, Syria",4.8,35.0598,37.0338,
2024-08-13 00:28:38.706,"14 km N of As Salamīyah, Syria",4.5,35.1423,37.0649,
2024-08-12 20:55:59.916,"12 km NNW of As Salamīyah, Syria",5.2,35.1208,37.0152,
2024-08-07 02:32:28.049,"16 km SSE of Feke, Turkey",4.6,37.6729,35.9527,Adana
2024-07-22 14:39:22.358,"8 km NNW of Ayvacık, Turkey",4.5,39.6736,26.3745,Çanakkale
2024-07-09 09:11:51.214,"16 km SSW of İçmeler, Turkey",4.5,36.6658,28.1421,Muğla
2024-06-24 22:36:44.501,"11 km NNW of Soma, Turkey",4.7,39.277,27.5361,Manisa
2024-06-12 19:19:10.899,"14 km SSW of Lárdos, Greece",4.7,35.9745,27.9542,
2024-05-26 15:15:12.095,"6 km ENE of Kéfalos, Greece",4.5,36.7746,27.0205,
2024-04-18 15:11:25.596,"11 km W of Sulusaray, Turkey",5.6,39.9894,35.9451,Yozgat
2024-04-17 22:07:00.002,"11 km WNW of Sulusaray, Turkey",4.6,40.018,35.9571,Yozgat
2024-03-30 00:25:05.321,"3 km E of Sivrice, Turkey",4.7,38.4393,39.3542,Elazığ
2024-03-10 13:55:57.564,"16 km S of Finike, Turkey",4.8,36.1454,30.1252,
2024-03-08 04:27:12.119,"13 km E of Ródos, Greece",4.7,36.4248,28.3727,
2024-01-27 05:19:19.465,"4 km S of Özdere, Turkey",5.1,37.9756,27.1182,
2024-01-25 13:04:06.941,"19 km WNW of Sincik, Turkey",5.0,38.1238,38.4224,Adıyaman
2024-01-09 09:14:59.382,"17 km SE of Saimbeyli, Turkey",4.5,37.8806,36.2369,Adana
2023-12-28 09:34:06.950,"17 km SSE of Akçadağ, Turkey",4.6,38.1995,38.0744,Malatya
2023-12-27 13:04:12.459,"19 km NNE of Ilgaz, Turkey",4.9,41.0715,33.7513,Kastamonu
2023-12-14 22:32:58.929,"2 km SSW of Toygarlı, Turkey",4.6,36.1922,36.0589,Hatay
2023-12-04 07:42:20.496,"7 km NNW of Mudanya, Turkey",5.1,40.4371,28.848,
2023-12-01 00:18:50.121,"23 km SSE of Darende, Turkey",4.5,38.3501,37.6095,Kahramanmaraş
2023-11-23 14:49:57.542,"13 km NNW of Sincik, Turkey",4.7,38.1529,38.5763,Adıyaman
2023-11-23 14:46:09.122,"7 km NW of Sincik, Turkey",5.3,38.0841,38.552,Adıyaman
2023-11-20 07:36:05.347,"19 km NE of Sincik, Turkey",4.5,38.1772,38.749,Malatya
2023-11-09 02:32:14.592,"12 km NNE of Kırıkhan, Turkey",4.6,36.5969,36.4173,Hatay
2023-11-03 03:55:41.428,"13 km SE of Karpathos, Greece",4.5,35.4311,27.3356,
2023-10-14 14:07:11.266,"20 km NNE of Bolu, Turkey",4.6,40.9045,31.7104,Bolu
2023-10-12 11:04:04.453,"19 km SSE of Erciş, Turkey",4.5,38.8669,43.4631,Van
2023-09-23 08:22:21.869,"18 km SW of Göksun, Turkey",4.5,37.8997,36.359,Kahramanmaraş
2023-09-10 21:43:49.198,"20 km NNE of Ţūz Khūrmātū, Iraq",4.7,35.0542,44.7295,
2023-08-29 04:58:15.359,"19 km SW of Kulu, Turkey",4.8,38.967,32.9223,Konya
2023-08-24 05:35:24.510,"Malatya, Turkey",4.8,38.2125,38.1815,Malatya
2023-08-22 10:17:34.796,"15 km ESE of Sariz, Turkey",4.7,38.4319,36.6586,Kahramanmaraş
2023-08-16 14:36:59.603,"10 km NNE of Aladağ, Turkey",4.7,37.6374,35.4222,Adana
2023-08-12 13:39:16.290,"3 km WSW of Yeşilyurt, Turkey",4.7,38.2878,38.2075,Malatya
2023-08-10 17:48:01.234,"5 km SW of Yeşilyurt, Turkey",5.2,38.2665,38.2011,Malatya
2023-08-10 13:16:06.518,Cyprus region,4.8,35.7902,31.3781,
2023-08-01 15:06:52.523,"28 km NNE of Konya, Turkey",4.8,38.0881,32.6486,Konya
2023-07-25 05:44:51.283,"18 km NE of Kozan, Turkey",5.5,37.5794,35.9482,Adana
2023-06-05 16:40:47.905,Central Turkey,4.5,37.9672,36.5784,Kahramanmaraş
2023-05-21 12:46:13.460,"15 km ESE of Saimbeyli, Turkey",4.9,37.9246,36.2523,Adana
2023-05-12 08:33:21.858,"18 km SE of Saimbeyli, Turkey",4.5,37.8784,36.2491,Adana
2023-05-08 20:20:34.789,eastern Turkey,4.5,38.0217,38.4005,Adıyaman
2023-05-07 08:36:08.971,"0 km SSE of Serinyol, Turkey",4.7,36.3545,36.2183,Hatay
2023-05-05 14:52:29.643,"18 km SW of Göksun, Turkey",4.8,37.9221,36.3313,Kahramanmaraş
2023-05-03 17:16:38.697,"K. Maras, Turkey",4.9,38.0541,36.5563,Kahramanmaraş
2023-04-29 01:55:48.680,"10 km NNW of Göksun, Turkey",4.6,38.1021,36.4431,Kahramanmaraş
2023-04-26 20:00:34.782,"13 km SSW of Astyp?laia, Greece",5.1,36.4294,26.3159,
2023-04-07 08:29:38.709,"21 km NNW of Bingöl, Turkey",4.5,39.076,40.4393,Bingöl
2023-03-29 16:47:02.108,"17 km ESE of Saimbeyli, Turkey",4.5,37.9287,36.2781,Adana
2023-03-25 04:39:34.155,"10 km WSW of Ekinözü, Turkey",4.5,38.039,37.0762,Kahramanmaraş
2023-03-24 00:39:53.695,"K. Maras, Turkey",4.6,37.9593,36.3728,Kahramanmaraş
2023-03-23 09:19:53.459,"6 km W of Göksun, Turkey",5.3,38.0109,36.4273,Kahramanmaraş
2023-03-18 05:14:29.880,"5 km W of Göksun, Turkey",4.6,38.0124,36.4342,Kahramanmaraş
2023-03-16 10:55:07.845,"8 km W of Bolu, Turkey",4.8,40.7432,31.5028,Bolu
2023-03-14 14:49:49.524,Central Turkey,4.6,37.7899,37.3899,Kahramanmaraş
2023-03-14 06:47:34.436,"20 km S of Afşin, Turkey",4.6,38.0681,36.9544,Kahramanmaraş
2023-03-13 01:34:30.468,"11 km NE of Sincik, Turkey",4.6,38.1188,38.6904,Malatya
2023-03-10 02:28:15.208,"10 km WNW of Hac?lar, Turkey",4.8,38.6968,35.3499,Kayseri
2023-03-07 11:47:27.545,"15 km W of Hac?lar, Turkey",4.7,38.6363,35.2749,Kayseri
2023-03-05 20:49:46.490,"7 km SW of Dörtyol, Turkey",4.8,36.7867,36.1842,
2023-03-03 02:53:43.065,"26 km SE of Göksun, Turkey",5.0,37.8395,36.7004,Kahramanmaraş
2023-03-01 07:20:23.043,"7 km W of Anayazi, Turkey",4.7,36.3065,36.097,Hatay
2023-02-27 09:04:51.865,"9 km SSE of Ye?ilyurt, Turkey",5.2,38.2144,38.2773,Malatya
2023-02-27 02:51:21.400,"10 km NNW of Gölba??, Turkey",4.7,37.8722,37.5853,Kahramanmaraş
2023-02-26 02:26:31.012,"9 km SW of B?y?k?at, Turkey",4.5,36.0535,36.012,Hatay
2023-02-25 10:27:10.918,"15 km ENE of Emirgazi, Turkey",5.2,37.9797,33.9876,Konya
2023-02-24 20:25:30.019,eastern Turkey,4.5,38.0934,38.7162,Malatya
2023-02-24 17:20:00.554,"7 km NNE of Gürün, Turkey",4.6,38.7865,37.3025,Sivas
2023-02-24 14:02:00.044,"15 km ENE of Emirgazi, Turkey",4.5,37.9736,33.9905,Konya
2023-02-23 15:53:47.547,"6 km SSE of Büyükçat, Turkey",4.9,36.0589,36.095,Hatay
2023-02-20 17:13:18.998,Turkey-Syria border region,4.6,36.2653,36.0798,Hatay
2023-02-20 17:07:35.934,"9 km WNW of Uzunba?, Turkey",5.5,36.159,35.9351,Hatay
2023-02-20 17:04:29.747,"2 km NNW of Uzunba?, Turkey",6.3,36.1616,36.0251,Hatay
2023-02-20 00:39:03.160,"5 km E of Palu, Turkey",4.5,38.6907,39.9843,Elazığ
2023-02-20 00:37:30.258,"5 km S of Palu, Turkey",4.7,38.6445,39.9175,Elazığ
2023-02-19 12:04:33.897,"8 km SW of Ye?ilyurt, Turkey",4.6,38.2354,38.1917,Malatya
2023-02-18 19:31:31.742,"10 km ENE of Göksun, Turkey",5.0,38.0696,36.5991,Kahramanmaraş
2023-02-17 00:35:58.508,"8 km ESE of Yayladere, Turkey",4.6,39.1851,40.1492,Bingöl
2023-02-16 19:47:49.683,"21 km W of Uzunba?, Turkey",5.2,36.1766,35.7967,
2023-02-16 14:45:42.473,"12 km NNW of Do?an?ehir, Turkey",4.6,38.1997,37.8377,Malatya
2023-02-16 11:16:23.677,"24 km WNW of Yaylada??, Turkey",4.8,35.9743,35.8103,
2023-02-14 23:14:01.248,"2 km SW of Darende, Turkey",4.5,38.5302,37.4908,Malatya
2023-02-13 19:20:27.970,Central Turkey,4.6,38.0051,36.42,Kahramanmaraş
2023-02-13 11:59:17.459,"12 km NNE of A?a?? Karafak?l?, Turkey",4.5,36.8844,36.6204,Gaziantep
2023-02-12 18:33:14.268,"27 km SSE of Kahramanmara?, Turkey",4.7,37.3429,36.9989,Kahramanmaraş
2023-02-12 16:29:49.826,"8 km E of Hekimhan, Turkey",5.0,38.824,38.031,Malatya
2023-02-11 13:09:59.585,"13 km ENE of Hekimhan, Turkey",4.5,38.8519,38.0757,Malatya
2023-02-11 07:55:41.897,"19 km N of Musabeyli, Turkey",4.6,37.0598,36.95,Gaziantep
2023-02-11 06:28:13.163,"8 km NE of Göksun, Turkey",4.6,38.0647,36.5778,Kahramanmaraş
2023-02-10 17:00:51.366,"21 km ESE of Saimbeyli, Turkey",4.7,37.8868,36.2951,Adana
2023-02-10 04:50:24.791,"15 km SSW of Ye?ilyurt, Turkey",4.7,38.1736,38.1714,Malatya
2023-02-09 07:18:17.198,Turkey-Syria border region,4.6,36.9611,36.6603,Gaziantep
2023-02-09 01:44:19.249,"13 km NNE of Gölba??, Turkey",4.5,37.8831,37.7147,Malatya
2023-02-08 20:12:06.104,"15 km SW of Ye?ilyurt, Turkey",4.5,38.1972,38.1247,Malatya
2023-02-08 19:05:19.712,"5 km NE of Göksun, Turkey",4.5,38.0531,36.5409,Kahramanmaraş
2023-02-08 14:20:24.960,"3 km N of Nurhak, Turkey",5.1,37.9963,37.4325,Kahramanmaraş
2023-02-08 11:24:00.758,Central Turkey,4.5,37.9367,37.6179,Kahramanmaraş
2023-02-08 11:11:52.969,"17 km N of Gölba??, Turkey",5.4,37.9389,37.6611,Malatya
2023-02-08 07:48:31.978,"1 km S of Göksun, Turkey",5.0,38.0061,36.4959,Kahramanmaraş
2023-02-08 06:09:00.273,"3 km E of Antakya, Turkey",4.5,36.2022,36.1959,Hatay
2023-02-07 23:13:02.009,Central Turkey,4.5,36.0927,35.8637,
2023-02-07 21:21:25.723,Central Turkey,4.7,37.904,37.4957,Kahramanmaraş
2023-02-07 19:54:23.826,eastern Turkey,4.6,38.5889,39.9722,Elazığ
2023-02-07 18:09:59.860,Central Turkey,5.3,37.9358,36.6013,Kahramanmaraş
2023-02-07 15:48:54.123,"3 km SSW of Göksun, Turkey",5.0,37.9939,36.4771,Kahramanmaraş
2023-02-07 15:31:28.295,"18 km SW of Pazarc?k, Turkey",4.7,37.3758,37.1447,Kahramanmaraş
2023-02-07 13:36:41.353,"17 km WSW of Uzunba?, Turkey",4.5,36.0984,35.8449,
2023-02-07 12:07:03.774,"8 km S of Ye?ilyurt, Turkey",4.5,38.2171,38.263,Malatya
2023-02-07 10:56:29.905,Central Turkey,4.5,37.8696,36.6642,Kahramanmaraş
2023-02-07 10:37:17.535,"9 km WSW of Uzunba?, Turkey",4.6,36.0958,35.9441,Hatay
2023-02-07 10:27:32.024,eastern Turkey,4.6,38.3061,38.1915,Malatya
2023-02-07 10:18:14.589,"4 km WSW of Sincik, Turkey",5.3,38.0164,38.57,Adıyaman
2023-02-07 07:11:15.008,"7 km NNE of Sincik, Turkey",5.4,38.0971,38.6398,Adıyaman
2023-02-07 06:48:51.697,"26 km SSE of Darende, Turkey",4.5,38.3144,37.5808,Kahramanmaraş
2023-02-07 06:40:53.780,"3 km WNW of Göksun, Turkey",4.5,38.0342,36.455,Kahramanmaraş
2023-02-07 03:16:16.365,"15 km NNE of Pazarc?k, Turkey",4.6,37.6089,37.3755,Kahramanmaraş
2023-02-07 03:13:12.754,"8 km ESE of Gölba??, Turkey",5.5,37.7639,37.7309,Adıyaman
2023-02-07 03:08:57.248,"14 km N of Gölba??, Turkey",4.8,37.917,37.6406,Malatya
2023-02-07 02:47:37.074,"10 km NW of Yaylada??, Turkey",4.7,35.9675,35.9849,Hatay
2023-02-06 23:29:14.993,"39 km WNW of Latakia, Syria",4.5,35.6037,35.3598,
2023-02-06 21:57:43.529,"8 km E of Göksun, Turkey",4.7,38.032,36.5882,Kahramanmaraş
2023-02-06 21:15:18.245,"13 km W of Ekinözü, Turkey",4.9,38.072,37.034,Kahramanmaraş
2023-02-06 21:02:06.978,"6 km SSW of Hassa, Turkey",4.5,36.7444,36.4904,Hatay
2023-02-06 20:53:24.379,"9 km S of Ye?ilyurt, Turkey",4.8,38.2106,38.2511,Malatya
2023-02-06 20:44:00.230,Central Turkey,4.8,38.0063,36.5773,Kahramanmaraş
2023-02-06 20:40:06.434,"8 km SSE of Ak?ada?, Turkey",4.9,38.2636,37.9916,Malatya
2023-02-06 20:37:51.879,"32 km SW of Pazarc?k, Turkey",5.3,37.2507,37.0859,Gaziantep
2023-02-06 20:05:35.045,"Adana, Turkey",4.8,38.0339,36.3096,Adana
2023-02-06 19:25:01.538,"23 km SE of Göksun, Turkey",4.5,37.8505,36.6645,Kahramanmaraş
2023-02-06 18:03:53.807,"6 km SW of G?ksun, Turkey",5.2,37.9781,36.4456,Kahramanmaraş
2023-02-06 17:46:49.824,Central Turkey,4.5,38.0881,37.8449,Malatya
2023-02-06 17:31:34.269,"8 km S of Nurda??, Turkey",4.5,37.0895,36.7386,Gaziantep
2023-02-06 17:26:24.481,"19 km ENE of Göksun, Turkey",4.5,38.097,36.696,Kahramanmaraş
2023-02-06 16:55:35.783,"5 km NNW of Nurhak, Turkey",4.5,38.0112,37.4148,Kahramanmaraş
2023-02-06 16:43:28.541,"2 km SSE of Göksun, Turkey",5.0,38.0007,36.5078,Kahramanmaraş
2023-02-06 16:32:11.661,"14 km SSW of A?a?? Karafak?l?, Turkey",4.9,36.6625,36.4828,Hatay
2023-02-06 16:28:08.698,"14 km SSE of Kahramanmara?, Turkey",4.7,37.4633,36.981,Kahramanmaraş
2023-02-06 16:27:19.276,"6 km WNW of Göksun, Turkey",4.7,38.0468,36.4364,Kahramanmaraş
2023-02-06 16:26:39.507,"9 km ENE of Göksun, Turkey",4.8,38.0385,36.5982,Kahramanmaraş
2023-02-06 16:26:15.464,"26 km WSW of Ekinözü, Turkey",4.6,37.9826,36.8994,Kahramanmaraş
2023-02-06 16:10:43.265,"23 km W of Uzunba?, Turkey",4.5,36.1064,35.7822,
2023-02-06 15:33:32.721,eastern Turkey,5.4,38.19,38.1756,Malatya
2023-02-06 15:14:34.402,"13 km NE of Gölba??, Turkey",4.9,37.8791,37.7355,Malatya
2023-02-06 14:41:57.177,"15 km NW of Do?an?ehir, Turkey",4.5,38.1782,37.7439,Kahramanmaraş
2023-02-06 14:33:07.461,"5 km SSW of Do?an?ehir, Turkey",4.5,38.0365,37.8572,Malatya
2023-02-06 14:29:57.853,"2 km S of Göksun, Turkey",4.7,37.9977,36.4927,Kahramanmaraş
2023-02-06 14:27:43.394,"2 km ENE of Hassa, Turkey",4.5,36.8097,36.5387,Hatay
2023-02-06 14:10:09.968,"8 km ESE of Ça?layancerit, Turkey",4.5,37.7257,37.385,Kahramanmaraş
2023-02-06 13:44:51.298,"5 km ESE of Nurhak, Turkey",5.0,37.9405,37.4916,Kahramanmaraş
2023-02-06 13:39:24.254,"16 km WSW of Do?an?ehir, Turkey",5.3,38.0166,37.7013,Malatya
2023-02-06 13:31:39.632,"6 km NW of Uzunkavak, Turkey",4.5,36.3959,36.3691,Hatay
2023-02-06 13:17:42.209,"10 km WSW of Göksun, Turkey",4.9,37.9951,36.3843,Kahramanmaraş
2023-02-06 13:14:01.462,"1 km NW of Tut, Turkey",4.5,37.8011,37.9066,Adıyaman
2023-02-06 13:12:27.843,"12 km S of Göksun, Turkey",4.8,37.9077,36.5237,Kahramanmaraş
2023-02-06 13:11:56.990,"14 km E of Göksun, Turkey",4.7,38.0104,36.6564,Kahramanmaraş
2023-02-06 13:09:21.093,"4 km E of Kastal, Turkey",4.6,36.2541,36.2923,Hatay
2023-02-06 13:07:45.076,Central Turkey,5.0,38.0384,37.371,Kahramanmaraş
2023-02-06 13:06:39.750,"10 km SE of Ekinözü, Turkey",4.5,37.991,37.2762,Kahramanmaraş
2023-02-06 13:03:17.843,"4 km NE of Nurhak, Turkey",4.6,37.9978,37.4732,Kahramanmaraş
2023-02-06 13:00:18.127,"19 km ENE of Göksun, Turkey",4.5,38.1156,36.6841,Kahramanmaraş
2023-02-06 12:54:39.920,"22 km SSW of Af?in, Turkey",4.6,38.0519,36.864,Kahramanmaraş
2023-02-06 12:36:33.066,Central Turkey,4.6,37.9664,37.7885,Malatya
2023-02-06 12:34:43.513,"7 km N of Çelikhan, Turkey",4.9,38.0972,38.2339,Adıyaman
2023-02-06 12:13:48.646,"7 km SW of Nurhak, Turkey",4.7,37.9248,37.3761,Kahramanmaraş
2023-02-06 12:02:11.275,"4 km NNE of Göksun, Turkey",6.0,38.0582,36.5114,Kahramanmaraş
2023-02-06 11:58:37.429,"14 km NE of Nurhak, Turkey",4.7,38.0509,37.5686,Kahramanmaraş
2023-02-06 11:51:22.063,"15 km WSW of Do?an?ehir, Turkey",4.5,38.016,37.7225,Malatya
2023-02-06 11:50:04.398,"14 km WSW of Göksun, Turkey",4.5,37.9721,36.3402,Kahramanmaraş
2023-02-06 11:39:41.665,"7 km NE of Göksun, Turkey",4.8,38.0622,36.5678,Kahramanmaraş
2023-02-06 11:35:28.583,Central Turkey,4.5,37.9417,37.351,Kahramanmaraş
2023-02-06 11:11:40.849,"5 km W of Nurhak, Turkey",4.9,37.9593,37.3732,Kahramanmaraş
2023-02-06 11:05:35.084,"23 km SW of Af?in, Turkey",5.1,38.0752,36.7588,Kahramanmaraş
2023-02-06 11:01:36.485,"15 km S of Nurhak, Turkey",4.8,37.8259,37.4436,Kahramanmaraş
2023-02-06 10:56:24.688,"5 km W of Nurhak, Turkey",4.6,37.9728,37.3801,Kahramanmaraş
2023-02-06 10:51:30.994,"7 km SW of Ye?ilyurt, Turkey",5.7,38.248,38.1847,Malatya
2023-02-06 10:50:56.892,Central Turkey,4.6,37.6189,37.9263,Adıyaman
2023-02-06 10:47:41.873,"13 km ENE of G?ksun, Turkey",4.7,38.0443,36.644,Kahramanmaraş
2023-02-06 10:46:56.782,"24 km SSW of Af?in, Turkey",4.7,38.039,36.8385,Kahramanmaraş
2023-02-06 10:44:46.950,"8 km SW of Do?an?ehir, Turkey",4.6,38.034,37.7967,Malatya
2023-02-06 10:38:57.715,"12 km SW of Nurhak, Turkey",4.5,37.8722,37.3582,Kahramanmaraş
2023-02-06 10:35:58.161,"9 km SW of Do?an?ehir, Turkey",5.8,38.0249,37.8023,Malatya
2023-02-06 10:32:08.932,"7 km S of Ekinözü, Turkey",5.4,37.9962,37.2033,Kahramanmaraş
2023-02-06 10:26:46.742,"12 km W of Çelikhan, Turkey",6.0,38.0315,38.0984,Malatya
2023-02-06 10:24:48.811,"Elbistan earthquake, Kahramanmaras earthquake sequence",7.5,38.0106,37.1962,Kahramanmaraş
2023-02-06 10:07:31.339,"11 km SE of Yaylada??, Turkey",4.6,35.8319,36.162,Hatay
2023-02-06 09:23:45.448,"15 km NNW of Hassa, Turkey",4.6,36.9214,36.427,Hatay
2023-02-06 09:21:01.495,"7 km SE of Tut, Turkey",4.5,37.7583,37.9812,Adıyaman
2023-02-06 08:58:34.938,"2 km NE of Çelikhan, Turkey",4.5,38.0402,38.2553,Adıyaman
2023-02-06 08:52:37.361,Central Turkey,4.8,37.4633,37.2102,Kahramanmaraş
2023-02-06 08:01:47.818,"14 km NNE of K?r?khan, Turkey",4.5,36.6219,36.4225,Hatay
2023-02-06 07:41:14.046,eastern Turkey,4.6,37.8718,38.0812,Adıyaman
2023-02-06 07:29:40.592,"28 km WNW of Latakia, Syria",4.5,35.6445,35.5034,
2023-02-06 07:08:32.392,"11 km SW of Hassa, Turkey",4.5,36.7139,36.4459,Hatay
2023-02-06 06:54:57.430,"14 km SE of Ça?layancerit, Turkey",4.8,37.6427,37.394,Kahramanmaraş
2023-02-06 06:27:52.742,"3 km NNW of Çelikhan, Turkey",4.5,38.0564,38.2173,Adıyaman
2023-02-06 06:26:28.168,"16 km SW of Pazarc?k, Turkey",4.6,37.3961,37.1506,Kahramanmaraş
2023-02-06 05:55:49.697,"19 km SW of Sincik, Turkey",4.5,37.9201,38.4457,Adıyaman
2023-02-06 05:43:49.888,"3 km S of Büyük Dalyan, Turkey",4.6,36.2606,36.2043,Hatay
2023-02-06 05:40:38.044,"12 km S of Çelikhan, Turkey",4.5,37.9116,38.2366,Adıyaman
2023-02-06 05:36:33.636,"1 km N of Büyük Dalyan, Turkey",4.6,36.2975,36.2085,Hatay
2023-02-06 05:33:10.998,"7 km N of Çelikhan, Turkey",4.6,38.0957,38.2361,Adıyaman
2023-02-06 05:01:50.591,"5 km W of Tut, Turkey",4.6,37.7898,37.8568,Adıyaman
2023-02-06 04:56:05.491,"12 km WSW of Pazarc?k, Turkey",4.5,37.4609,37.1603,Kahramanmaraş
2023-02-06 04:47:57.170,"9 km SSW of Hassa, Turkey",4.5,36.7176,36.4733,Hatay
2023-02-06 04:18:46.986,"17 km NNW of Sincik, Turkey",5.0,38.1845,38.5342,Adıyaman
2023-02-06 04:16:49.374,Central Turkey,4.5,37.5236,37.2784,Kahramanmaraş
2023-02-06 03:45:48.353,"14 km NNE of Sincik, Turkey",4.8,38.1656,38.65,Malatya
2023-02-06 03:12:11.339,"2 km ENE of Pazarc?k, Turkey",4.5,37.5003,37.3267,Kahramanmaraş
2023-02-06 03:04:45.269,"19 km NW of Sincik, Turkey",4.7,38.1742,38.482,Adıyaman
2023-02-06 02:54:00.446,"14 km ENE of Denizciler, Turkey",4.7,36.7084,36.3519,Hatay
2023-02-06 02:34:51.505,"24 km NNE of Musabeyli, Turkey",4.7,37.0822,37.0363,Gaziantep
2023-02-06 02:32:08.686,"15 km WNW of Pazarc?k, Turkey",4.5,37.5639,37.1467,Kahramanmaraş
2023-02-06 02:31:26.171,"21 km SSW of Kahramanmara?, Turkey",4.5,37.4137,36.8216,Kahramanmaraş
2023-02-06 02:23:14.336,"20 km E of Nurda??, Turkey",5.3,37.1816,36.9658,Gaziantep
2023-02-06 02:17:40.715,"7 km S of Nurda??, Turkey",4.8,37.1024,36.7301,Gaziantep
2023-02-06 02:06:23.457,"19 km NE of Tut, Turkey",5.0,37.9227,38.0613,Malatya
2023-02-06 02:03:37.341,Central Turkey,5.3,37.7712,37.9141,Adıyaman
2023-02-06 02:01:45.687,"23 km SW of Pazarc?k, Turkey",4.8,37.3512,37.095,Kahramanmaraş
2023-02-06 02:01:18.994,"6 km WNW of Besni, Turkey",4.5,37.7238,37.8026,Adıyaman
2023-02-06 01:58:23.118,"12 km SSE of Hasanbeyli, Turkey",5.1,37.0302,36.6208,Gaziantep
2023-02-06 01:57:26.332,"57 km W of B?niy?s, Syria",4.7,35.1453,35.3142,
2023-02-06 01:51:43.490,"12 km W of Pazarc?k, Turkey",4.7,37.4756,37.1578,Kahramanmaraş
2023-02-06 01:51:19.056,"8 km SE of A?a?? Karafak?l?, Turkey",4.5,36.7205,36.6192,Hatay
2023-02-06 01:50:10.207,"25 km NNE of Sincik, Turkey",4.8,38.2407,38.7424,Malatya
2023-02-06 01:48:12.210,"9 km WSW of Çelikhan, Turkey",4.9,37.9828,38.1435,Malatya
2023-02-06 01:47:43.761,"15 km S of Genç, Turkey",4.6,38.6055,40.5767,Diyarbakır
2023-02-06 01:41:15.211,"10 km SW of Sincik, Turkey",4.6,37.9792,38.5117,Adıyaman
2023-02-06 01:40:48.558,"14 km SSW of A?a?? Karafak?l?, Turkey",4.7,36.6696,36.4767,Hatay
2023-02-06 01:36:27.357,Turkey-Syria border region,5.6,36.9921,36.6832,Gaziantep
2023-02-06 01:28:15.784,"14 km E of Nurda??, Turkey",6.7,37.1893,36.8929,Gaziantep
2023-02-06 01:26:50.869,"24 km ENE of Nurda??, Turkey",5.7,37.2252,37.0001,Kahramanmaraş
2023-02-06 01:17:34.342,"Pazarcik earthquake, Kahramanmaras earthquake sequence",7.8,37.2256,37.0143,Kahramanmaraş
2023-01-29 15:13:25.532,"19 km WSW of Khowy, Iran",4.5,38.4819,44.7507,
2023-01-25 12:37:05.134,"60 km SE of Lárdos, Greece",5.9,35.7086,28.4965,
2023-01-15 03:36:28.029,"13 km W of Sivrice, Turkey",4.7,38.4311,39.156,Elazığ
2023-01-10 07:38:31.557,"7 km W of Behram, Turkey",4.9,39.4874,26.2503,Çanakkale
2023-01-07 06:39:29.727,Near the coast of western Turkey,4.6,39.4132,26.1996,
2023-01-07 01:52:58.152,"2 km N of Míthymna, Greece",4.8,39.389,26.1735,
2022-12-18 18:13:09.293,"7 km NE of Uzunkavak, Turkey",4.6,36.392,36.4912,Hatay
2022-11-27 03:57:45.879,"12 km W of Düzce, Turkey",4.5,40.8448,31.01,Düzce
2022-11-26 20:09:35.147,"50 km ESE of Karpathos, Greece",4.5,35.3543,27.7429,
2022-11-23 01:08:15.435,"15 km W of Düzce, Turkey",6.1,40.8356,30.9831,Düzce
2022-11-20 23:24:58.462,"Crete, Greece",5.5,35.8357,26.4319,
2022-11-18 04:26:35.176,"12 km SSE of Ula, Turkey",4.6,36.9992,28.4542,Muğla
2022-11-04 00:29:21.573,"7 km ESE of Karaba?lar, Turkey",4.8,38.339,27.2071,İzmir
2022-11-02 17:41:23.230,eastern Mediterranean Sea,4.8,35.9595,30.9178,
2022-10-11 15:48:46.359,"17 km SE of Kadirli, Turkey",5.0,37.2612,36.2339,Osmaniye
2022-10-02 10:58:04.057,Western Turkey,4.6,37.0741,28.9243,Muğla
2022-09-27 14:08:32.729,"22 km WSW of Susuz, Turkey",5.3,40.7188,42.8876,Kars
2022-09-16 20:30:36.774,"16 km ESE of Yedisu, Turkey",4.8,39.3672,40.7044,Bingöl
2022-09-03 04:13:10.932,"13 km SE of Palekastro, Greece",5.3,35.0971,26.3465,
2022-08-31 14:02:17.685,"17 km WNW of Megálo Chorió, Greece",4.6,37.5368,26.8049,
2022-08-31 10:10:11.426,"14 km NW of Megálo Chorió, Greece",5.4,37.5527,26.8515,
2022-08-31 09:56:40.134,"17 km SSW of Chóra, Greece",4.7,37.5649,26.8151,
2022-08-30 20:42:30.165,"42 km W of Pólis, Cyprus",4.5,35.0991,31.9644,
2022-08-24 03:44:00.931,"13 km NNE of Sitia, Greece",4.5,35.3183,26.1631,
2022-08-14 03:24:22.958,"3 km SE of Özdere, Turkey",5.0,37.9952,27.1512,İzmir
2022-07-11 03:36:22.891,"21 km WSW of Metsavan, Armenia",4.7,41.1354,43.9928,
2022-06-19 23:24:32.968,"20 km SSW of Karpathos, Greece",4.9,35.3307,27.1376,
2022-06-12 18:35:20.871,"28 km NNE of Van, Turkey",5.2,38.7366,43.5068,Van
2022-06-10 06:02:28.549,"21 km S of Erci?, Turkey",4.6,38.8382,43.4028,Van
2022-06-03 16:05:10.959,"35 km WSW of Émponas, Greece",4.9,36.0633,27.5159,
2022-05-01 19:35:53.019,"17 km SW of Metsavan, Armenia",4.9,41.1134,44.0631,
2022-04-24 04:14:04.933,"29 km S of Fry, Greece",4.7,35.1556,26.9705,
2022-04-09 14:02:15.496,"9 km NNE of Sincik, Turkey",5.3,38.1155,38.6617,Malatya
2022-03-15 12:25:58.936,"20 km ESE of Vani, Georgia",4.7,42.0409,42.7475,
2022-02-13 18:25:56.058,"18 km WSW of Metsavan, Armenia",5.3,41.1598,44.01,
2022-02-02 21:03:48.327,"55 km WNW of P?geia, Cyprus",5.3,35.0634,31.8203,
2022-01-31 09:30:36.617,"12 km SE of Derbent, Turkey",4.5,37.9265,32.098,Konya
2022-01-31 06:07:00.573,"12 km NNE of Karakoçan, Turkey",4.6,39.0635,40.0681,Elazığ
2022-01-31 00:49:57.323,"8 km ESE of Yayladere, Turkey",4.7,39.1928,40.1586,Bingöl
2022-01-28 03:57:47.440,"45 km W of Pólis, Cyprus",4.9,35.0789,31.9346,
2022-01-22 19:31:42.837,"17 km E of Dursunbey, Turkey",4.6,39.5763,28.8232,Balıkesir
2022-01-17 23:28:57.923,"5 km SW of Sar?o?lan, Turkey",4.9,39.0484,35.9156,Kayseri
2022-01-11 01:07:48.064,"48 km WNW of Pólis, Cyprus",6.6,35.2267,31.9435,
2022-01-05 03:21:16.251,"67 km SSW of Okurcalar, Turkey",5.1,36.1445,31.2928,
2021-12-26 19:01:24.161,"39 km S of Fry, Greece",4.7,35.056,26.9226,
2021-12-26 18:59:02.711,"25 km S of Fry, Greece",5.6,35.1923,26.9659,
2021-12-26 15:15:11.703,"30 km S of Fry, Greece",5.1,35.1452,26.8939,
2021-12-05 21:46:49.571,"18 km SE of Erci?, Turkey",4.9,38.8916,43.4846,Van
2021-11-30 04:00:40.529,"23 km NW of Agios Kirykos, Greece",5.1,37.7371,26.0792,
2021-11-22 08:31:25.499,"22 km WNW of Karayaz?, Turkey",4.7,39.7369,41.8806,Erzurum
2021-11-19 12:40:53.461,"23 km NW of Karayaz?, Turkey",5.1,39.8267,41.9223,Erzurum
2021-11-17 12:40:16.760,"14 km W of Düzce, Turkey",4.8,40.8642,30.9954,Düzce
2021-11-12 09:19:15.325,"23 km NE of Sincik, Turkey",4.8,38.1991,38.7832,Malatya
2021-11-08 17:43:21.856,"23 km SE of Derbent, Turkey",5.1,37.8434,32.1713,Konya
2021-10-12 09:24:05.099,"4 km SW of Palekastro, Greece",6.4,35.1691,26.2152,
2021-09-29 22:22:59.853,"12 km S of Mandráki, Greece",4.5,36.5029,27.1495,
2021-09-29 22:22:17.468,"13 km SSE of Mandráki, Greece",4.6,36.4896,27.1703,
2021-09-08 01:40:02.143,"15 km SSE of Mandráki, Greece",4.5,36.4786,27.1703,
2021-09-07 11:15:00.102,Western Turkey,4.6,36.1165,31.0332,
2021-09-06 15:04:39.119,"34 km S of Mandráki, Greece",4.6,36.2989,27.1498,
2021-09-05 21:27:51.422,"44 km SW of Émponas, Greece",4.6,35.9687,27.4849,
2021-08-31 11:04:26.926,"19 km W of ?hsaniye, Turkey",5.1,39.0422,30.1894,Kütahya
2021-08-19 11:26:33.046,"30 km S of Mandráki, Greece",4.7,36.3354,27.1198,
2021-08-16 01:44:05.896,"21 km W of Metsavan, Armenia",4.8,41.1691,43.9722,
2021-08-07 01:39:45.606,"38 km SSW of Mandráki, Greece",5.0,36.2724,27.0356,
2021-08-03 19:53:13.644,"29 km SSW of Mandráki, Greece",4.6,36.3658,27.0007,
2021-08-03 12:38:17.754,"25 km SSW of Mandráki, Greece",5.2,36.3902,27.0435,
2021-08-01 09:14:27.986,"28 km SSW of Mandráki, Greece",4.5,36.3665,27.0431,
2021-08-01 04:31:26.956,"26 km SSW of Mandráki, Greece",5.6,36.3958,27.0112,
2021-07-31 19:57:55.108,"23 km SSW of Mandráki, Greece",4.7,36.4103,27.0628,
2021-07-25 20:55:06.014,"9 km W of Hasanbeyli, Turkey",4.6,37.1114,36.4369,Osmaniye
2021-07-22 14:16:29.499,"29 km SSW of Mandráki, Greece",4.8,36.3524,27.0556,
2021-06-25 18:28:37.298,eastern Turkey,5.4,39.1868,40.1667,Bingöl
2021-06-21 22:14:13.556,"20 km SSW of Mandráki, Greece",5.5,36.4391,27.0416,
2021-05-19 11:14:59.459,"9 km NW of Özdere, Turkey",4.6,38.076,27.0444,İzmir
2021-04-20 05:09:53.067,"23 km S of Mandráki, Greece",4.6,36.3997,27.1438,
2021-04-17 17:08:00.786,"22 km S of Mandráki, Greece",5.0,36.4064,27.096,
2021-04-15 04:10:20.963,"9 km W of Kalloní, Greece",4.5,39.239,26.0924,
2021-04-13 20:28:02.233,"10 km SW of Mandráki, Greece",5.3,36.5325,27.0593,
2021-04-08 00:33:48.339,"16 km S of Mandráki, Greece",4.5,36.463,27.1575,
2021-04-07 07:08:18.018,"33 km S of Mandráki, Greece",4.6,36.3122,27.1863,
2021-04-01 12:33:40.141,"37 km SSE of Astypálaia, Greece",4.7,36.2412,26.5129,
2021-03-20 22:50:39.788,"41 km SE of Karpathos, Greece",4.7,35.2173,27.5065,
2021-02-13 11:29:23.758,"0 km NNE of Hovtashen, Armenia",4.9,40.0309,44.4522,
2021-02-12 03:37:56.354,"7 km SE of Daday, Turkey",4.6,41.4361,33.5393,Kastamonu
2021-02-09 15:53:57.080,"18 km N of Tuzlukçu, Turkey",4.6,38.6436,31.6136,Afyon
2021-02-09 15:51:56.018,"15 km NNW of Tuzlukçu, Turkey",4.8,38.6079,31.5627,Afyon
2021-02-02 00:02:45.031,"9 km SSE of Gemerek, Turkey",4.5,39.1013,36.0983,Kayseri
2021-02-01 20:46:15.897,"14 km SW of Polichnítos, Greece",4.8,38.9772,26.0791,
2021-02-01 13:10:15.874,"17 km SW of Polichnítos, Greece",4.9,38.9683,26.0399,
2021-02-01 08:35:18.153,"11 km SW of Polichnítos, Greece",5.2,39.0217,26.0784,
2021-02-01 06:00:05.082,"23 km SW of Polichnítos, Greece",4.8,38.908,26.0285,
2021-02-01 05:47:52.716,"28 km SW of Polichnítos, Greece",4.8,38.8807,25.9761,
2021-02-01 05:46:52.958,"16 km SW of Polichnítos, Greece",4.8,38.9677,26.0599,
2021-01-26 11:17:40.769,"46 km SE of Al ?asakah, Syria",4.9,36.172,41.062,
2021-01-21 14:27:06.745,"1 km NE of Pérgamos, Cyprus",5.0,35.0489,33.7163,
2021-01-20 23:37:55.968,"10 km NNE of Néon Karlovásion, Greece",4.8,37.8701,26.7652,
2021-01-18 04:23:12.565,"48 km N of Palekastro, Greece",4.5,35.6339,26.2557,
2020-12-27 06:37:32.897,"7 km WNW of Sivrice, Turkey",5.5,38.4563,39.2302,Elazığ
2020-12-17 13:36:45.404,"51 km N of Palekastro, Greece",4.8,35.6626,26.2609,
2020-12-14 21:58:46.488,"23 km SSE of Erci?, Turkey",4.7,38.831,43.4625,Van
2020-12-05 12:44:40.454,"45 km WSW of Gazipa?a, Turkey",5.3,36.0719,31.8808,
2020-12-04 09:34:15.954,"8 km WNW of Kokkári, Greece",4.5,37.8168,26.8061,
2020-12-03 05:45:19.821,"2 km NNE of Kurtalan, Turkey",5.0,37.9458,41.697,Siirt
2020-11-27 08:27:56.609,"16 km N of Sincik, Turkey",4.6,38.1793,38.6406,Malatya
2020-11-22 14:40:27.066,"1 km SSE of Bayburt, Turkey",4.6,40.2408,40.2274,Bayburt
2020-11-17 23:05:48.934,"14 km WNW of U?urluda?, Turkey",4.5,40.516,34.3109,Çorum
2020-11-11 06:49:45.963,"9 km NE of Kokkári, Greece",4.6,37.8478,26.9649,
2020-11-02 19:16:40.054,"19 km WNW of Néon Karlovásion, Greece",4.5,37.8283,26.4937,
2020-10-31 05:31:30.230,"10 km NNW of Kokkári, Greece",4.9,37.8579,26.8344,
2020-10-30 15:19:15.900,"2 km SW of Samos, Greece",4.8,37.7426,26.9558,
2020-10-30 15:14:55.887,"8 km NW of Kokkári, Greece",5.3,37.8319,26.8222,
2020-10-30 13:00:43.929,"8 km N of Kokkári, Greece",4.9,37.8551,26.8766,
2020-10-30 11:51:27.348,"13 km NNE of Néon Karlovásion, Greece",7.0,37.8973,26.7838,
2020-10-28 09:16:15.572,"8 km NW of Tercan, Turkey",4.5,39.8266,40.2951,Erzincan
2020-10-12 04:11:27.566,"49 km N of Palekastro, Greece",5.2,35.6445,26.2467,
2020-10-12 00:30:39.934,"43 km N of Palekastro, Greece",5.1,35.5856,26.2443,
2020-10-01 11:05:38.322,"Dodecanese Islands, Greece",5.0,36.7385,26.7488,
2020-09-20 19:08:07.568,"22 km NE of Emirgazi, Turkey",5.1,38.0178,34.0419,Aksaray
2020-09-16 14:48:21.604,"15 km N of Güroymak, Turkey",4.6,38.7152,42.0276,Muş
2020-09-08 10:44:09.556,"14 km E of Sincik, Turkey",4.7,38.0618,38.7769,Adıyaman
2020-08-07 19:20:12.498,"3 km SSE of Be?endik, Turkey",4.8,37.9485,42.6601,Siirt
2020-08-04 18:40:04.876,"24 km NNE of Sincik, Turkey",4.5,38.2374,38.7315,Malatya
2020-08-04 09:37:37.015,"18 km NNE of Sincik, Turkey",5.6,38.1878,38.698,Malatya
2020-07-16 18:09:26.005,"12 km NW of Urla, Turkey",4.5,38.4031,26.6668,
2020-07-03 06:16:33.822,"20 km W of Fry, Greece",4.5,35.3918,26.6949,
2020-06-29 04:06:24.606,"8 km SSW of ?çmeler, Turkey",4.6,36.7269,28.2064,Muğla
2020-06-28 17:43:28.644,"5 km SSE of ?çmeler, Turkey",5.4,36.7481,28.2482,Muğla
2020-06-26 19:36:36.560,"23 km WNW of Fry, Greece",4.9,35.504,26.6835,
2020-06-26 07:21:12.533,"13 km NW of Gölmarmara, Turkey",5.2,38.7898,27.7934,Manisa
2020-06-25 10:03:30.648,"14 km SSW of Özalp, Turkey",5.4,38.5329,43.9407,Van
2020-06-15 16:52:37.882,"8 km E of Yedisu, Turkey",4.5,39.4398,40.6354,Bingöl
2020-06-15 06:51:31.776,"18 km E of Yedisu, Turkey",5.5,39.4226,40.7479,Bingöl
2020-06-14 22:40:36.458,"20 km E of Yedisu, Turkey",4.5,39.4057,40.7696,Bingöl
2020-06-14 15:09:18.396,"19 km ESE of Yedisu, Turkey",4.5,39.3717,40.7449,Bingöl
2020-06-14 14:34:50.289,"18 km E of Yedisu, Turkey",4.5,39.417,40.7508,Bingöl
2020-06-14 14:24:29.501,"14 km E of Yedisu, Turkey",5.9,39.4229,40.7073,Bingöl
2020-06-05 18:06:21.607,"25 km WSW of Do?anyol, Turkey",5.1,38.2379,38.7587,Malatya
2020-05-30 18:21:56.516,"23 km NW of Fry, Greece",4.6,35.5441,26.7204,
2020-05-20 15:44:50.486,"67 km ESE of Karpathos, Greece",4.7,35.2162,27.8657,
2020-04-30 10:09:46.791,"14 km NNW of Dalyan, Turkey",4.9,36.9551,28.5722,Muğla
2020-04-24 13:16:03.950,"20 km SSW of Lárdos, Greece",4.8,35.9177,27.9485,
2020-04-15 08:18:38.002,"40 km NNW of Latakia, Syria",4.5,35.8341,35.545,
2020-04-15 07:40:05.467,"43 km NNW of Latakia, Syria",4.6,35.8628,35.525,
2020-04-12 02:23:13.223,"34 km SE of Özalp, Turkey",4.6,38.4642,44.3085,Van
2020-04-11 10:22:54.805,"19 km SSE of Sitia, Greece",4.9,35.0348,26.1595,
2020-04-03 18:15:42.603,"51 km W of Yaylada??, Turkey",4.7,35.9384,35.49,
2020-04-03 05:44:26.600,"24 km SE of Erci?, Turkey",4.7,38.8489,43.523,Van
2020-03-19 17:53:33.384,"9 km NNE of Do?anyol, Turkey",5.2,38.3915,39.0729,Elazığ
2020-03-16 01:53:23.527,"25 km SSE of Fry, Greece",4.6,35.2019,27.0126,
2020-02-29 12:29:48.614,"11 km SSW of Sivrice, Turkey",4.5,38.3449,39.2773,Diyarbakır
2020-02-27 14:36:14.358,"68 km ESE of Karpathos, Greece",4.8,35.3453,27.9438,
2020-02-27 12:20:19.197,"69 km ESE of Karpathos, Greece",4.5,35.2908,27.9291,
2020-02-27 02:08:46.182,"22 km NNE of Sincik, Turkey",4.6,38.2294,38.685,Malatya
2020-02-26 14:20:11.092,"59 km ESE of Karpathos, Greece",4.6,35.2647,27.7945,
2020-02-25 23:03:37.816,"21 km WNW of Do?anyol, Turkey",5.0,38.3489,38.7972,Malatya
2020-02-25 14:14:05.050,"40 km SE of Özalp, Turkey",4.5,38.4132,44.344,
2020-02-24 02:43:34.990,"16 km NNE of Akhisar, Turkey",4.6,39.0595,27.916,Manisa
2020-02-23 16:00:31.626,"37 km ESE of Özalp, Turkey",6.0,38.4958,44.3732,
2020-02-23 05:53:01.055,"41 km NW of Salm?s, Iran",5.8,38.4465,44.4168,
2020-02-22 22:26:41.698,"4 km WNW of Derebucak, Turkey",4.7,37.4132,31.4684,Konya
2020-02-18 16:09:23.758,"12 km E of K?rka?aç, Turkey",4.8,39.1074,27.8179,Manisa
2020-02-17 07:10:09.702,"75 km ESE of Karpathos, Greece",4.5,35.2009,27.9563,
2020-02-16 18:02:15.429,"37 km ESE of Özalp, Turkey",4.7,38.5223,44.3881,
2020-02-14 16:02:16.346,"38 km NW of Karpathos, Greece",4.9,35.7767,26.951,
2020-02-10 22:46:50.831,"73 km ESE of Karpathos, Greece",4.9,35.1684,27.9103,
2020-02-07 03:11:46.579,"32 km SE of Palekastro, Greece",4.7,35.0292,26.5522,
2020-02-04 17:55:23.965,"13 km NNE of Akhisar, Turkey",4.9,39.0383,27.8816,Manisa
2020-02-04 16:47:10.864,"12 km NE of Akhisar, Turkey",4.5,38.9976,27.9416,Manisa
2020-01-31 23:32:51.609,"6 km NNE of Sivrice, Turkey",4.7,38.4961,39.3382,Elazığ
2020-01-31 04:34:38.218,"75 km ESE of Karpathos, Greece",4.7,35.2372,27.9719,
2020-01-30 11:21:36.743,"63 km SE of Karpathos, Greece",5.7,35.1817,27.7814,
2020-01-30 01:28:05.202,"72 km ESE of Karpathos, Greece",5.5,35.1565,27.8845,
2020-01-29 13:36:59.488,"71 km ESE of Karpathos, Greece",4.8,35.1747,27.891,
2020-01-28 21:44:57.993,"74 km SE of Karpathos, Greece",4.5,35.1301,27.894,
2020-01-28 16:13:13.703,"71 km ESE of Karpathos, Greece",4.5,35.2972,27.952,
2020-01-28 16:12:41.207,"65 km ESE of Karpathos, Greece",4.5,35.2236,27.8475,
2020-01-28 15:38:34.436,"69 km ESE of Karpathos, Greece",5.5,35.2183,27.8918,
2020-01-28 11:26:15.000,Western Turkey,5.0,39.1061,27.875,Manisa
2020-01-25 16:30:11.109,"8 km NE of Do?anyol, Turkey",5.1,38.3615,39.1096,Elazığ
2020-01-25 10:14:59.234,"23 km NE of Sincik, Turkey",4.5,38.2019,38.7768,Malatya
2020-01-25 08:40:04.736,"11 km SSW of Sivrice, Turkey",4.5,38.3409,39.2769,Diyarbakır
2020-01-24 18:08:07.074,"10 km W of Sivrice, Turkey",4.8,38.4264,39.1881,Elazığ
2020-01-24 17:55:14.147,"13 km N of Do?anyol, Turkey",6.7,38.4312,39.0609,Elazığ
2020-01-22 19:22:16.298,"15 km ESE of K?rka?aç, Turkey",5.6,39.0724,27.8389,Manisa
2020-01-11 13:37:37.109,"16 km S of Silivri, Turkey",4.9,40.9289,28.2394,
2019-12-29 11:20:09.198,"19 km ESE of Narman, Turkey",4.5,40.3089,42.0871,Erzurum
2019-12-27 07:02:27.680,"1 km SSW of Do?anyol, Turkey",4.9,38.2975,39.0277,Malatya
2019-12-10 21:58:28.855,"37 km NNE of Palekastro, Greece",5.4,35.4972,26.4467,
2019-12-10 20:14:03.159,"21 km WNW of Bigadiç, Turkey",4.6,39.4549,27.8947,Balıkesir
2019-12-03 09:46:00.260,"25 km SE of Fry, Greece",4.5,35.2797,27.1515,
2019-11-24 13:33:23.519,"18 km N of Kozan, Turkey",4.5,37.6256,35.8158,Adana
2019-11-19 00:14:13.557,"38 km ESE of Özalp, Turkey",4.7,38.5443,44.4021,
2019-10-24 21:06:47.506,"28 km S of Sarigerme, Turkey",4.6,36.4616,28.674,
2019-10-05 14:51:37.881,"12 km SSW of Lárdos, Greece",5.0,35.9894,27.978,
2019-10-03 04:44:56.550,"34 km ESE of Faliraki, Greece",5.1,36.2765,28.5721,
2019-09-26 20:02:41.002,"22 km SE of Marmara Ere?lisi, Turkey",4.5,40.849,28.1699,
2019-09-26 10:59:25.648,"17 km ESE of Marmara Ere?lisi, Turkey",5.7,40.9035,28.1502,
2019-09-24 08:00:24.160,"20 km SE of Marmara Ere?lisi, Turkey",4.9,40.8578,28.1454,
2019-09-14 06:03:13.477,"9 km NW of Orta, Turkey",4.7,40.6861,33.0299,Çankırı
2019-09-10 16:22:47.212,"15 km SW of Tashir, Armenia",4.7,41.0373,44.1411,
2019-09-04 01:01:32.884,"72 km ESE of Karpathos, Greece",4.6,35.1737,27.8965,
2019-09-02 06:13:18.046,"39 km SW of Ölüdeniz, Turkey",4.6,36.355,28.7878,
2019-08-30 17:21:04.367,"14 km WNW of Megálo Chorió, Greece",4.5,37.5207,26.8245,
2019-08-30 15:38:14.496,"12 km WNW of Megálo Chorió, Greece",4.6,37.4855,26.8329,
2019-08-28 11:58:18.490,"43 km ENE of Karpathos, Greece",4.9,35.6836,27.636,
2019-08-08 11:25:31.104,"9 km ESE of Baklan, Turkey",5.9,37.935,29.7003,Afyon
2019-08-08 08:39:08.691,"20 km W of Özdere, Turkey",4.7,37.9858,26.8923,
2019-08-03 09:51:24.191,"65 km ESE of Karpathos, Greece",5.1,35.2241,27.845,
2019-07-03 01:02:08.912,"81 km SE of Karpathos, Greece",4.6,35.0194,27.8886,
2019-06-02 13:08:47.500,"3 km ESE of Hendek, Turkey",4.5,40.7824,30.7838,Sakarya
2019-05-28 05:27:47.890,"20 km ESE of Bodrum, Turkey",4.6,36.9423,27.6236,
2019-05-26 12:07:11.990,"15 km SW of Bozarmut, Turkey",4.5,37.2303,28.0226,Muğla
2019-04-29 18:02:43.592,"9 km ENE of Míthymna, Greece",4.6,39.391,26.28,
2019-04-29 04:43:17.623,"45 km ESE of Karpathos, Greece",4.8,35.3706,27.6869,
2019-04-15 04:41:31.885,"14 km NW of Yaz?han, Turkey",4.5,38.6972,38.0712,Malatya
2019-04-04 17:31:10.169,"11 km E of Do?anyol, Turkey",5.2,38.3002,39.1625,Diyarbakır
2019-03-31 11:30:17.785,"9 km NNE of Ac?payam, Turkey",5.1,37.5063,29.3787,Denizli
2019-03-25 11:29:26.323,"14 km NW of Yaz?han, Turkey",4.6,38.69,38.0702,Malatya
2019-03-20 06:34:27.835,"16 km E of Ac?payam, Turkey",5.7,37.4078,29.531,Denizli
2019-03-07 16:25:39.870,"109 km SE of Beykonak, Turkey",4.5,35.5821,31.0985,
2019-02-20 18:23:29.480,"10 km N of Ayvac?k, Turkey",5.1,39.6916,26.4007,Çanakkale
2019-02-12 17:14:30.950,"13 km WSW of Orta, Turkey",4.8,40.5807,32.9597,Ankara
2019-02-05 15:11:51.880,"26 km ESE of Elmal?, Turkey",4.5,36.6132,30.1769,Antalya
2019-02-02 12:20:37.950,"14 km N of Ceyhan, Turkey",4.5,37.1561,35.7871,Adana
2019-02-01 10:32:51.220,"49 km N of Karpathos, Greece",4.5,35.9504,27.1552,
2019-02-01 10:29:46.390,"30 km NNE of Karpathos, Greece",4.9,35.7714,27.3095,
2019-01-24 14:30:54.040,"7 km ESE of Lárdos, Greece",5.1,36.0652,28.0928,
2019-01-22 20:12:06.770,"Dodecanese Islands, Greece",4.8,36.8146,27.9973,
2019-01-20 15:49:50.320,"59 km SSE of Lárdos, Greece",4.9,35.6046,28.2928,
2018-11-27 23:16:11.000,"28 km SSW of Amorgós, Greece",4.9,36.603,25.7462,
2018-11-25 02:40:12.270,"54 km SE of Lárdos, Greece",4.5,35.7473,28.4452,
2018-10-28 21:58:56.030,eastern Mediterranean Sea,4.7,35.6433,28.2612,
2018-10-05 11:32:11.930,"67 km WSW of Gazipa?a, Turkey",4.5,35.9867,31.6566,
2018-10-02 15:29:05.160,"12 km SE of Ça?layancerit, Turkey",4.6,37.6699,37.3967,Kahramanmaraş
2018-09-30 13:15:57.300,"14 km S of Palekastro, Greece",4.9,35.0695,26.2618,
2018-09-12 06:21:48.440,"59 km SE of Tekirova, Turkey",5.3,36.185,31.0563,
2018-09-10 23:02:56.060,"14 km SW of Kocaaliler, Turkey",5.1,37.2304,30.6131,Antalya
2018-08-19 15:22:14.240,"21 km WNW of Bahçe, Turkey",5.1,37.2897,36.364,Osmaniye
2018-07-26 08:17:51.670,"14 km S of Marathókampos, Greece",4.5,37.5928,26.6904,
2018-07-23 02:40:24.650,"13 km E of Ye?ilova, Turkey",4.9,37.5295,29.9106,Burdur
2018-07-13 12:42:41.300,"19 km E of Kentrí, Greece",4.7,35.033,25.9702,
2018-06-23 03:50:06.150,"33 km E of Özalp, Turkey",4.6,38.5975,44.3647,
2018-05-02 21:16:08.060,"44 km SE of Lárdos, Greece",4.6,35.8114,28.3691,
2018-04-24 00:34:31.180,"3 km ENE of Samsat, Turkey",5.2,37.5963,38.5142,Adıyaman
2018-04-16 04:30:35.400,"21 km SSE of Koysinceq, Iraq",4.6,35.8914,44.6868,
2018-04-13 17:14:00.680,"17 km NE of Akseki, Turkey",4.8,37.158,31.9355,Antalya
2018-04-10 15:56:19.220,"22 km WNW of Astypálaia, Greece",4.9,36.6591,26.1356,
2018-04-07 21:16:33.030,"12 km N of Bolu, Turkey",4.7,40.8428,31.631,Bolu
2017-12-25 05:13:51.270,"9 km S of Foça, Turkey",4.6,38.5826,26.7378,
2017-12-08 05:20:40.950,"22 km WNW of Émponas, Greece",4.5,36.3064,27.6205,
2017-11-24 21:49:15.170,"18 km E of Ula, Turkey",5.2,37.0845,28.6223,Muğla
2017-11-22 20:22:53.540,"20 km ESE of Ula, Turkey",5.1,37.0511,28.6427,Muğla
2017-11-07 02:40:32.880,"20 km ESE of Faliraki, Greece",4.9,36.2832,28.4175,
2017-10-24 09:36:24.200,"9 km NE of Kos, Greece",4.6,36.9614,27.3529,
2017-09-29 16:08:40.400,"8 km NNW of Antalya, Turkey",4.5,36.9695,30.645,Antalya
2017-09-01 16:48:34.030,"9 km S of Lárdos, Greece",4.9,36.0049,28.0149,
2017-08-14 02:43:48.460,"11 km ESE of Güvercinlik, Turkey",4.7,37.0957,27.6994,Muğla
2017-08-13 11:16:52.430,"14 km SE of Güvercinlik, Turkey",4.9,37.0514,27.7004,Muğla
2017-08-08 07:42:22.230,"15 km ESE of Bodrum, Turkey",5.3,36.9645,27.5711,
2017-08-07 05:18:48.480,"16 km SE of Bodrum, Turkey",4.6,36.9252,27.5448,
2017-07-22 17:25:45.970,"23 km SW of Kéfalos, Greece",4.6,36.5915,26.7742,
2017-07-22 17:09:21.510,"8 km NNE of Kos, Greece",4.7,36.96,27.3417,
2017-07-21 17:09:45.290,"2 km NE of Kos, Greece",5.0,36.9074,27.3012,
2017-07-21 02:12:35.180,"11 km SSE of Kos, Greece",4.7,36.8031,27.345,
2017-07-21 01:38:49.930,"16 km NW of Datça, Turkey",4.6,36.8561,27.5779,
2017-07-20 23:23:51.780,"6 km NNW of Kos, Greece",4.7,36.9482,27.2653,
2017-07-20 22:31:11.260,"11 km ENE of Kos, Greece",6.6,36.9293,27.4139,
2017-07-03 13:53:45.100,"36 km ESE of Palekastro, Greece",4.5,35.0915,26.6299,
2017-06-22 02:48:53.110,"18 km SSE of Plomári, Greece",4.8,38.8251,26.4665,
2017-06-17 19:50:04.790,"10 km SSE of Plomári, Greece",5.2,38.8864,26.4186,
2017-06-17 03:40:37.360,"15 km WSW of Plomári, Greece",4.6,38.8989,26.2153,
2017-06-12 12:28:39.150,"5 km S of Plomári, Greece",6.3,38.9296,26.365,
2017-05-28 11:04:59.370,"13 km WNW of Gölmarmara, Turkey",4.9,38.764,27.7784,Manisa
2017-05-28 02:52:56.460,"12 km NW of Gölmarmara, Turkey",4.8,38.7811,27.8031,Manisa
2017-05-28 02:50:27.280,"12 km WNW of Gölmarmara, Turkey",4.6,38.7688,27.7848,Manisa
2017-05-27 15:53:24.250,"10 km NW of Gölmarmara, Turkey",5.1,38.7729,27.8234,Manisa
2017-05-17 11:30:33.280,"42 km SW of Émponas, Greece",4.9,35.9758,27.5071,
2017-05-11 17:58:02.740,"13 km NNE of A?kale, Turkey",5.1,40.0382,40.7422,Erzurum
2017-05-01 16:30:42.480,"15 km WSW of Geva?, Turkey",4.5,38.2272,42.9497,Van
2017-04-21 14:12:22.570,"12 km SE of Saruhanl?, Turkey",4.9,38.661,27.6692,Manisa
2017-04-21 13:09:22.060,"17 km E of Selendi, Turkey",5.0,38.7709,29.0638,Kütahya
2017-04-13 16:22:16.250,"24 km E of Ula, Turkey",5.0,37.1253,28.6913,Muğla
2017-03-29 18:10:45.770,"7 km NNE of Gelendost, Turkey",4.5,38.1884,31.0352,Isparta
2017-03-20 14:39:46.380,"22 km SSW of Palu, Turkey",4.5,38.5214,39.7883,Elazığ
2017-03-02 11:07:26.880,"5 km NW of Samsat, Turkey",5.6,37.616,38.4305,Adıyaman
2017-02-28 23:27:33.770,"17 km NNW of Míthymna, Greece",4.6,39.521,26.1249,Çanakkale
2017-02-25 21:06:04.610,"6 km W of Toprakkale, Turkey",4.6,37.059,36.0706,Osmaniye
2017-02-16 00:19:00.240,"19 km WNW of Behram, Turkey",4.5,39.5439,26.1208,Çanakkale
2017-02-12 13:48:16.090,"24 km WNW of Behram, Turkey",5.3,39.6004,26.0884,
2017-02-10 12:27:32.940,"7 km WSW of Ele?kirt, Turkey",4.5,39.7726,42.5989,Ağrı
2017-02-10 08:55:26.860,"13 km WNW of Behram, Turkey",4.5,39.5487,26.1913,Çanakkale
2017-02-08 01:38:03.780,"14 km WNW of Behram, Turkey",4.5,39.544,26.1724,Çanakkale
2017-02-07 21:00:54.360,"16 km WNW of Behram, Turkey",4.5,39.5687,26.1652,Çanakkale
2017-02-07 05:17:09.110,"6 km W of Behram, Turkey",4.6,39.495,26.253,Çanakkale
2017-02-07 02:24:04.150,"18 km NNW of Míthymna, Greece",5.3,39.5279,26.0993,Çanakkale
2017-02-06 11:45:01.970,"17 km WNW of Behram, Turkey",4.9,39.5394,26.1373,Çanakkale
2017-02-06 10:58:02.270,"23 km WNW of Behram, Turkey",5.2,39.5734,26.0755,
2017-02-06 03:51:40.640,"25 km WNW of Behram, Turkey",5.3,39.5986,26.0647,
2017-01-27 20:51:26.740,"61 km ESE of Archángelos, Greece",4.8,36.0062,28.7487,
2017-01-25 18:50:51.790,"23 km NE of Palekastro, Greece",5.2,35.3583,26.4196,
2016-12-20 06:03:44.240,"Dodecanese Islands, Greece",5.4,36.5393,26.9187,
2016-10-19 12:18:47.060,"32 km SE of Beykonak, Turkey",4.7,36.0904,30.5099,
2016-09-27 20:57:08.120,"28 km NW of Émponas, Greece",5.1,36.3888,27.6141,
2016-09-12 08:26:04.930,"8 km WSW of Akhisar, Turkey",4.5,38.901,27.747,Manisa
2016-07-12 10:14:01.910,"19 km SW of Jvara, Georgia",4.8,41.4162,44.1707,
2016-03-22 13:25:18.310,"77 km SW of Gazipa?a, Turkey",4.5,35.7611,31.7328,
2016-01-19 19:04:42.610,"12 km S of Kéfalos, Greece",4.7,36.6349,26.9684,
2016-01-10 17:40:49.510,"13 km SW of Yerköy, Turkey",5.0,39.5649,34.3373,Kırşehir
2015-12-26 11:00:52.980,"15 km E of Karpathos, Greece",5.2,35.5164,27.3862,
2015-12-07 23:27:19.390,"19 km E of Yayladere, Turkey",4.5,39.1998,40.2894,Elazığ
2015-12-02 23:27:09.890,"17 km ENE of Yayladere, Turkey",5.4,39.2826,40.2553,Bingöl
2015-11-29 00:28:11.870,Central Turkey,4.9,38.8236,37.7358,Malatya
2015-10-29 09:46:42.170,"38 km E of Erci?, Turkey",4.7,39.0744,43.8017,Van
2015-10-09 14:39:15.000,"10 km E of Erbaa, Turkey",5.1,40.6847,36.6897,Tokat
2015-10-06 21:27:33.000,"11 km SW of Demre, Turkey",5.2,36.1682,29.8952,
2015-09-16 19:52:11.600,"55 km ESE of Karpathos, Greece",4.9,35.3458,27.7905,
2015-09-13 02:57:27.600,"35 km SSW of Nikfer, Turkey",4.5,37.1173,28.9672,Muğla
2015-09-10 08:12:45.000,"28 km SW of Plomári, Greece",4.7,38.7907,26.1375,
2015-09-07 00:37:37.900,"18 km ESE of Yayladere, Turkey",4.5,39.18,40.28,Elazığ
2015-08-18 21:19:44.530,"115 km SW of Gazipa?a, Turkey",5.0,35.6473,31.2871,
2015-07-29 22:00:55.810,"35 km W of Karata?, Turkey",4.9,36.5646,34.9787,
2015-07-24 09:58:38.280,"14 km WSW of Kéfalos, Greece",5.1,36.703,26.8098,
2015-07-24 02:39:43.740,"13 km NW of Eceabat, Turkey",4.8,40.2844,26.266,Çanakkale
2015-06-24 08:37:15.210,"2 km N of Mandráki, Greece",4.8,36.6375,27.1302,
2015-06-23 22:35:20.120,"27 km NW of Van, Turkey",4.5,38.6873,43.1797,Van
2015-06-09 21:49:46.700,"43 km SSW of Fry, Greece",5.4,35.04,26.79,
2015-04-27 14:16:29.870,"45 km S of Fry, Greece",4.5,35.0105,26.8346,
2015-04-17 02:05:40.330,"44 km SSW of Fry, Greece",5.3,35.0337,26.7848,
2015-04-16 19:02:12.040,"39 km S of Fry, Greece",5.0,35.0647,26.8768,
2015-04-16 18:52:35.100,"35 km SSW of Fry, Greece",4.8,35.1105,26.794,
2015-04-16 18:07:43.610,"26 km SSW of Fry, Greece",6.0,35.1891,26.8235,
2015-04-06 16:42:31.550,"40 km SE of Karpathos, Greece",4.5,35.2997,27.5841,
2015-03-27 23:34:54.300,"42 km NW of Fry, Greece",5.2,35.7086,26.6225,
2015-02-16 11:52:46.190,"14 km S of Kemer, Turkey",4.7,37.2188,30.0841,Antalya
2015-02-10 08:56:29.860,"20 km NW of Korkuteli, Turkey",4.5,37.1685,30.0058,Antalya
2015-01-21 13:58:03.400,"14 km NNE of Bahçesaray, Turkey",4.5,38.25,42.86,Van
2014-12-06 06:20:53.000,"12 km SW of Plomári, Greece",4.9,38.8955,26.2693,
2014-12-06 01:45:06.760,"12 km SW of Plomári, Greece",5.1,38.894,26.272,
2014-11-28 02:30:07.600,"23 km W of Emet, Turkey",4.5,39.32,28.99,Kütahya
2014-11-10 06:16:40.460,"32 km E of Ula, Turkey",4.8,37.138,28.785,Muğla
2014-10-16 06:48:28.080,"40 km NW of Fry, Greece",4.6,35.6487,26.5797,
2014-10-04 12:27:56.040,"11 km S of Palekastro, Greece",4.9,35.1004,26.2324,
2014-09-04 21:00:04.300,"41 km SE of Tekirova, Turkey",5.3,36.21,30.82,
2014-09-04 03:53:01.280,Central Turkey,4.5,41.6437,32.5123,Bartın
2014-08-24 19:43:30.750,"9 km ENE of A?lasun, Turkey",5.1,37.683,30.6288,Burdur
2014-07-03 05:04:46.230,"16 km SSW of Band?rma, Turkey",4.6,40.2083,27.9282,Balıkesir
2014-06-20 13:59:42.400,"30 km E of Ródos, Greece",4.5,36.3955,28.5588,
2014-06-19 20:30:47.440,"55 km SSW of Gazipa?a, Turkey",4.5,35.813,32.06,
2014-06-13 00:34:51.580,"16 km E of Fry, Greece",4.7,35.3916,27.0997,
2014-06-09 03:38:34.900,"18 km NW of Denizciler, Turkey",4.6,36.7453,36.0505,
2014-05-25 11:38:38.000,Western Turkey,4.9,40.4235,26.1442,
2014-05-24 14:49:14.300,"22 km N of Gökçeada, Turkey",4.5,40.4013,25.9517,
2014-05-24 10:11:40.430,"28 km NE of Gökçeada, Turkey",4.6,40.3892,26.1418,
2014-05-05 05:05:40.770,"66 km SE of Tekirova, Turkey",4.5,36.092,31.065,
2014-03-06 15:15:22.250,"82 km SSW of Okurcalar, Turkey",4.5,35.9908,31.2739,
2014-02-18 21:51:36.500,"27 km SSE of Erci?, Turkey",4.5,38.82,43.53,Van
2014-02-14 00:33:40.500,"16 km NW of Denizciler, Turkey",4.7,36.74,36.08,
2013-12-28 18:55:03.950,"107 km SSW of Türkler, Turkey",4.5,35.7262,31.3125,
2013-12-28 15:21:04.090,"77 km SSW of Okurcalar, Turkey",5.9,36.028,31.31,
2013-12-25 18:11:36.900,"4 km NW of Serik, Turkey",4.5,36.94,31.06,Antalya
2013-12-08 17:31:56.380,"21 km SW of Side, Turkey",4.9,36.6148,31.2427,
2013-12-03 16:05:08.220,"7 km ESE of Fry, Greece",4.5,35.3928,26.9962,
2013-11-27 04:13:37.390,"13 km SSW of Marmara Ere?lisi, Turkey",4.5,40.851,27.9198,
2013-11-24 20:49:38.670,"14 km WNW of Yeniça?a, Turkey",5.1,40.8205,31.8691,Bolu
2013-10-23 12:24:22.450,"26 km SE of K?zkalesi, Turkey",4.5,36.2912,34.3423,
2013-09-17 20:40:51.140,"17 km S of Varto, Turkey",5.0,39.0234,41.4924,Muş
2013-07-30 05:33:09.760,"10 km NNW of Gökçeada, Turkey",4.6,40.292,25.867,
2013-07-21 21:43:41.670,"8 km SSW of ?hsangazi, Turkey",4.5,41.136,33.504,Kastamonu
2013-06-12 19:02:53.950,"24 km NE of Van, Turkey",4.5,38.654,43.581,Van
2013-05-29 14:43:32.000,"10 km NNW of ?aphane, Turkey",4.5,39.115,29.173,Kütahya
2013-05-16 03:02:03.350,"6 km S of Ula, Turkey",4.9,37.044,28.402,Muğla
2013-04-28 16:30:53.200,"23 km NNE of Datça, Turkey",4.5,36.94,27.76,
2013-03-11 14:57:07.000,"34 km NE of Tallkayf, Iraq",4.9,36.67,43.44,
2013-02-21 10:18:49.940,"6 km SSW of Megálo Chorió, Greece",4.5,37.405,26.932,
2012-11-26 17:35:41.800,"14 km ENE of Sými, Greece",5.0,36.655,27.993,
2012-11-24 21:04:16.850,"7 km ESE of Sými, Greece",4.5,36.595,27.917,
2012-11-20 17:56:28.360,"3 km W of Pulumer, Turkey",4.5,39.488,39.852,Tunceli
2012-11-14 07:24:28.390,"38 km SSE of Ka?, Turkey",4.6,35.866,29.738,
2012-11-13 23:55:48.900,"29 km SW of Pazarc?k, Turkey",4.5,37.27,37.11,Gaziantep
2012-10-16 10:25:04.700,"25 km SW of Pazarc?k, Turkey",4.6,37.297,37.135,Gaziantep
2012-10-16 01:16:02.730,"21 km NE of Musabeyli, Turkey",4.5,37.002,37.108,Kilis
2012-09-29 05:25:42.000,"60 km ESE of Karpathos, Greece",4.6,35.37,27.86,
2012-09-19 09:17:46.820,"26 km SW of Pazarc?k, Turkey",4.9,37.309,37.097,Kahramanmaraş
2012-09-13 02:42:20.170,Iraq,4.5,36.961,43.655,
2012-08-05 20:37:23.800,"3 km NW of Gülyaz?, Turkey",5.0,37.421,42.965,Şırnak
2012-07-24 22:53:39.560,"21 km NNE of Van, Turkey",4.5,38.685,43.432,Van
2012-07-22 09:26:02.990,"4 km SE of And?r?n, Turkey",5.0,37.546,36.384,Kahramanmaraş
2012-07-09 13:55:00.580,"85 km SSW of Kalkan, Turkey",5.6,35.604,28.919,
2012-07-04 23:46:38.800,"37 km ESE of Palekastro, Greece",4.8,35.083,26.646,
2012-06-25 13:05:28.000,"23 km SW of Ölüdeniz, Turkey",5.0,36.439,28.941,
2012-06-24 20:07:20.670,"30 km WNW of Özalp, Turkey",4.9,38.709,43.645,Van
2012-06-19 01:46:13.420,"13 km NNW of ?aphane, Turkey",4.6,39.142,29.156,Kütahya
2012-06-14 05:52:53.610,"1 km NNW of P?narönü, Turkey",5.3,37.294,42.325,Şırnak
2012-06-10 18:28:33.000,"22 km WSW of Ölüdeniz, Turkey",4.5,36.46,28.93,
2012-06-10 12:49:36.590,"27 km SW of Ölüdeniz, Turkey",4.8,36.41,28.91,
2012-06-10 12:44:16.590,"28 km SW of Ölüdeniz, Turkey",6.0,36.42,28.88,
2012-06-07 20:54:25.840,"13 km SSW of Marmara Ere?lisi, Turkey",4.9,40.848,27.921,
2012-05-03 15:20:25.670,"13 km NE of Simav, Turkey",5.2,39.175,29.092,Kütahya
2012-05-01 14:48:28.480,"8 km W of Foça, Turkey",4.9,38.657,26.655,
2012-04-28 03:17:04.110,"9 km ENE of Lice, Turkey",4.7,38.493,40.743,Diyarbakır
2012-04-26 22:05:33.900,"9 km ENE of Simav, Turkey",4.6,39.124,29.079,Kütahya
2012-04-18 23:30:58.170,"28 km SE of Erci?, Turkey",4.5,38.836,43.581,Van
2012-04-16 10:11:09.790,"13 km NNW of ?aphane, Turkey",4.5,39.137,29.153,Kütahya
2012-03-26 10:35:32.640,"10 km NNE of Bulan?k, Turkey",5.0,39.171,42.33,Muş
2012-03-05 06:50:37.940,"51 km WNW of ??z Kh?rm?t?, Iraq",4.6,35.042,44.095,
2012-02-20 06:34:27.100,"11 km E of Torbal?, Turkey",4.5,38.141,27.49,İzmir
2012-02-17 09:32:58.050,"26 km NW of Van, Turkey",4.7,38.696,43.212,Van
2012-02-16 11:01:03.540,"12 km NNW of Darende, Turkey",4.7,38.653,37.457,Malatya
2012-01-29 04:14:57.560,"30 km SE of Erci?, Turkey",4.5,38.823,43.599,Van
2012-01-20 09:57:36.970,"23 km NNE of Van, Turkey",4.7,38.695,43.451,Van
2012-01-12 00:26:32.820,"70 km SE of Tekirova, Turkey",4.5,36.077,31.104,
2012-01-06 20:35:13.860,"32 km WSW of Kalkan, Turkey",4.5,36.195,29.061,
2012-01-06 00:16:48.900,"30 km W of Özalp, Turkey",4.5,38.7,43.64,Van
2011-12-27 19:18:52.780,"31 km NNW of Özalp, Turkey",4.7,38.888,43.79,Van
2011-12-06 15:46:27.880,"8 km E of Çukurca, Turkey",4.5,37.244,43.713,Hakkari
2011-12-06 02:55:59.130,"32 km WNW of Özalp, Turkey",4.6,38.812,43.67,Van
2011-12-05 08:17:26.600,"22 km SSW of Plomári, Greece",4.8,38.81,26.23,
2011-12-04 22:15:02.300,"5 km NE of Edremit, Turkey",4.8,38.463,43.298,Van
2011-12-03 01:30:54.610,"29 km NW of Özalp, Turkey",4.7,38.868,43.791,Van
2011-11-30 00:47:21.760,"6 km ESE of Van, Turkey",5.4,38.474,43.454,Van
2011-11-29 14:07:19.880,"49 km ESE of Lárdos, Greece",4.5,35.895,28.508,
2011-11-22 03:30:35.800,"15 km NNW of Van, Turkey",4.6,38.611,43.287,Van
2011-11-18 17:39:40.430,"23 km NNW of Özalp, Turkey",4.9,38.85,43.878,Van
2011-11-17 12:38:31.220,"21 km SE of Erci?, Turkey",4.5,38.904,43.553,Van
2011-11-17 02:37:18.400,"10 km ESE of Varto, Turkey",4.9,39.133,41.565,Muş
2011-11-14 22:08:15.410,"25 km NW of Van, Turkey",5.2,38.658,43.17,Van
2011-11-14 16:47:16.200,"31 km NW of Edremit, Turkey",4.7,38.647,43.046,Van
2011-11-14 16:31:32.210,"30 km NNW of Edremit, Turkey",4.5,38.658,43.077,Van
2011-11-12 18:20:01.640,"21 km NW of Van, Turkey",4.6,38.634,43.216,Van
2011-11-09 22:38:18.180,"5 km NW of Edremit, Turkey",4.5,38.451,43.208,Van
2011-11-09 20:45:39.360,"7 km N of Edremit, Turkey",4.5,38.483,43.273,Van
2011-11-09 19:30:11.330,"2 km E of Edremit, Turkey",4.8,38.42,43.284,Van
2011-11-09 19:23:33.240,"2 km WNW of Edremit, Turkey",5.6,38.429,43.229,Van
2011-11-09 16:19:05.560,"44 km ENE of Karpathos, Greece",4.5,35.694,27.647,
2011-11-08 22:05:51.020,"29 km NW of Van, Turkey",5.2,38.718,43.191,Van
2011-11-08 19:34:25.380,"26 km SSE of Erci?, Turkey",4.5,38.8,43.467,Van
2011-11-08 14:35:34.780,"29 km W of Özalp, Turkey",4.5,38.664,43.651,Van
2011-11-07 22:14:12.670,"24 km ESE of Erci?, Turkey",4.5,38.917,43.609,Van
2011-11-07 15:53:51.310,"30 km NE of Van, Turkey",4.8,38.688,43.631,Van
2011-11-06 02:43:12.000,"21 km ESE of Erci?, Turkey",4.8,38.924,43.565,Van
2011-11-05 19:19:16.830,"28 km SSE of Erci?, Turkey",4.5,38.807,43.542,Van
2011-11-02 13:24:02.530,"26 km SE of Erci?, Turkey",4.6,38.857,43.578,Van
2011-11-02 11:43:04.460,"22 km SE of Çukurca, Turkey",4.6,37.134,43.82,
2011-11-02 04:34:20.700,"25 km SE of Erci?, Turkey",4.5,38.87,43.57,Van
2011-10-30 01:55:04.670,"31 km NE of Van, Turkey",4.5,38.729,43.593,Van
2011-10-29 22:24:21.900,"23 km SE of Erci?, Turkey",5.1,38.89,43.56,Van
2011-10-29 18:45:48.890,"22 km NW of Van, Turkey",4.7,38.623,43.177,Van
2011-10-28 08:48:07.360,"27 km NE of Van, Turkey",4.6,38.649,43.635,Van
2011-10-27 08:04:22.420,"21 km E of Çukurca, Turkey",5.1,37.256,43.86,Hakkari
2011-10-26 23:42:27.290,"22 km N of Van, Turkey",4.5,38.699,43.395,Van
2011-10-26 03:16:18.400,"27 km NNW of Van, Turkey",4.8,38.73,43.3,Van
2011-10-26 02:59:58.160,"27 km SSE of Erci?, Turkey",4.5,38.803,43.504,Van
2011-10-25 14:55:08.240,"33 km SE of Erci?, Turkey",5.6,38.811,43.623,Van
2011-10-25 02:33:53.070,"33 km NNW of Van, Turkey",4.7,38.747,43.169,Van
2011-10-24 23:55:14.380,"30 km NNE of Van, Turkey",4.6,38.736,43.561,Van
2011-10-24 15:28:06.790,"25 km NW of Van, Turkey",5.0,38.674,43.198,Van
2011-10-24 08:49:21.130,"22 km NNE of Van, Turkey",4.8,38.667,43.515,Van
2011-10-24 08:28:26.190,"19 km NE of Van, Turkey",4.8,38.617,43.55,Van
2011-10-24 08:12:12.340,"20 km SSE of Erci?, Turkey",4.5,38.851,43.425,Van
2011-10-24 05:54:57.310,"17 km NNW of Van, Turkey",4.7,38.64,43.302,Van
2011-10-24 04:43:01.410,"22 km NW of Van, Turkey",4.7,38.651,43.226,Van
2011-10-23 22:21:30.390,"28 km NW of Edremit, Turkey",4.8,38.624,43.067,Van
2011-10-23 20:56:37.490,eastern Turkey,4.5,38.616,43.084,Van
2011-10-23 20:45:34.860,eastern Turkey,5.9,38.634,43.077,Van
2011-10-23 19:06:06.480,"27 km SSW of Erci?, Turkey",4.8,38.787,43.296,Van
2011-10-23 18:53:48.000,"24 km N of Van, Turkey",4.9,38.711,43.336,Van
2011-10-23 18:10:45.160,"24 km N of Van, Turkey",5.1,38.71,43.338,Van
2011-10-23 16:05:10.800,eastern Turkey,4.6,38.793,43.585,Van
2011-10-23 15:58:00.280,"18 km NNW of Van, Turkey",4.6,38.66,43.333,Van
2011-10-23 15:24:31.030,"7 km N of Edremit, Turkey",4.8,38.488,43.256,Van
2011-10-23 12:56:49.020,"29 km N of Van, Turkey",4.5,38.759,43.338,Van
2011-10-23 12:42:09.690,"30 km NNW of Van, Turkey",4.8,38.729,43.192,Van
2011-10-23 12:13:07.830,"31 km SSW of Erci?, Turkey",4.5,38.786,43.163,Van
2011-10-23 12:03:10.000,"31 km NW of Van, Turkey",4.7,38.701,43.141,Van
2011-10-23 11:32:41.220,"24 km SSW of Erci?, Turkey",5.7,38.809,43.3,Van
2011-10-23 11:19:04.510,"27 km NE of Van, Turkey",4.5,38.694,43.571,Van
2011-10-23 11:16:26.870,"27 km N of Van, Turkey",4.7,38.741,43.341,Van
2011-10-23 11:10:47.050,"19 km NE of Hizan, Turkey",5.0,38.325,42.607,Bitlis
2011-10-23 11:07:33.720,"11 km NW of Van, Turkey",4.5,38.56,43.284,Van
2011-10-23 11:00:29.140,"24 km NW of Edremit, Turkey",5.2,38.603,43.101,Van
2011-10-23 11:00:14.310,"15 km NE of Van, Turkey",4.6,38.593,43.516,Van
2011-10-23 10:56:49.000,"24 km SSE of Erci?, Turkey",5.6,38.814,43.446,Van
2011-10-23 10:52:05.000,"30 km SSW of Erci?, Turkey",4.8,38.764,43.252,Van
2011-10-23 10:48:17.420,"33 km NNE of Van, Turkey",5.6,38.751,43.595,Van
2011-10-23 10:41:23.250,"27 km NNE of Van, Turkey",7.1,38.721,43.508,Van
2011-09-30 20:40:14.000,"17 km SW of Yahyal?, Turkey",4.5,37.992,35.217,Niğde
2011-09-22 03:22:36.070,"13 km SSE of Refahiye, Turkey",5.5,39.785,38.842,Erzincan
2011-09-10 06:06:12.800,"32 km WSW of Pánormos, Greece",4.6,36.892,26.583,
2011-07-27 09:58:15.180,"5 km NE of Ilg?n, Turkey",4.8,38.32,31.957,Konya
2011-07-25 17:57:20.610,"25 km SW of Marmara Ere?lisi, Turkey",5.1,40.802,27.752,
2011-07-11 16:09:12.960,"5 km W of Vezirhan, Turkey",4.5,40.247,29.954,Bilecik
2011-07-02 21:30:44.700,"23 km E of Astypálaia, Greece",4.8,36.51,26.61,
2011-06-29 19:48:05.610,"7 km SE of Kozan, Turkey",4.5,37.412,35.875,Adana
2011-06-27 21:13:58.830,"5 km ENE of Simav, Turkey",4.7,39.114,29.031,Kütahya
2011-06-23 07:34:42.740,"24 km SW of Kovanc?lar, Turkey",5.2,38.578,39.64,Elazığ
2011-06-18 14:57:19.000,"49 km ESE of Karpathos, Greece",4.5,35.42,27.75,
2011-05-29 11:02:05.540,"8 km SSE of Balveren, Turkey",4.5,37.414,42.575,Şırnak
2011-05-28 05:47:17.000,"7 km ENE of Simav, Turkey",4.8,39.119,29.049,Kütahya
2011-05-20 00:58:33.200,"9 km E of Simav, Turkey",4.5,39.1,29.09,Kütahya
2011-05-19 20:25:32.120,"9 km ENE of Simav, Turkey",4.6,39.124,29.079,Kütahya
2011-05-19 20:15:22.940,"12 km ENE of Simav, Turkey",5.8,39.149,29.103,Kütahya
2011-05-08 06:50:24.300,"12 km SE of Kardámaina, Greece",5.1,36.704,27.238,
2011-05-07 18:00:50.200,"13 km N of Marmaris, Turkey",4.5,36.974,28.248,Muğla
2011-04-23 05:22:11.060,"18 km ESE of Alada?, Turkey",4.5,37.47,35.584,Adana
2011-04-01 13:29:10.690,"42 km NW of Fry, Greece",6.0,35.662,26.56,
2011-03-14 18:57:10.910,Turkey-Iran border region,4.7,38.725,44.112,Van
2011-02-25 21:33:26.550,"3 km SSE of Mandráki, Greece",4.5,36.583,27.154,
2011-02-22 18:15:52.900,"18 km SSE of Bulan?k, Turkey",4.5,38.927,42.335,Bitlis
2011-02-22 09:11:44.000,"11 km S of Bulan?k, Turkey",4.6,38.983,42.297,Muş
2011-02-07 18:31:45.100,"10 km SSW of Kéfalos, Greece",4.6,36.656,26.922,
2011-01-19 09:17:49.750,"18 km SE of Vani, Georgia",5.2,41.961,42.657,
2010-12-31 20:57:36.720,"15 km W of Marmara, Turkey",4.5,40.597,27.367,
2010-12-26 05:08:20.090,"14 km NNW of Gökçeada, Turkey",4.6,40.326,25.864,
2010-12-05 23:20:16.750,"102 km SSE of Lárdos, Greece",4.8,35.293,28.572,
2010-12-04 03:49:10.900,"16 km SSE of Astypálaia, Greece",4.8,36.42,26.44,
2010-11-16 10:50:32.000,"19 km NW of Bahçe, Turkey",4.5,37.312,36.415,Osmaniye
2010-11-14 23:08:25.400,"14 km W of ?skenderun, Turkey",4.9,36.585,36.007,
2010-11-11 20:08:00.870,"6 km SSW of Selçuk, Turkey",5.0,37.899,27.343,İzmir
2010-11-03 02:51:27.000,"26 km N of Eceabat, Turkey",5.3,40.423,26.333,
2010-10-14 09:08:21.000,"17 km SSW of Ka?, Turkey",4.5,36.071,29.532,
2010-09-17 10:17:05.730,"13 km N of Gerger, Turkey",4.7,38.068,39.035,Adıyaman
2010-07-16 08:11:01.900,"8 km NNW of Kéfalos, Greece",5.1,36.81,26.91,
2010-03-26 18:35:52.000,"20 km SSE of Thymianá, Greece",4.9,38.142,26.22,
2010-03-24 14:11:31.000,"17 km SSE of Karakoçan, Turkey",5.1,38.821,40.138,Elazığ
2010-03-08 15:04:54.010,"11 km E of Palu, Turkey",4.9,38.677,40.05,Elazığ
2010-03-08 11:12:10.790,"21 km ENE of Palu, Turkey",5.1,38.776,40.143,Elazığ
2010-03-08 10:14:23.480,"15 km SSE of Karakoçan, Turkey",5.2,38.828,40.119,Elazığ
2010-03-08 09:00:46.400,"14 km ENE of Palu, Turkey",4.9,38.761,40.062,Elazığ
2010-03-08 08:11:21.000,"14 km ENE of Palu, Turkey",4.6,38.736,40.076,Elazığ
2010-03-08 07:47:41.960,"11 km E of Palu, Turkey",5.6,38.709,40.051,Elazığ
2010-03-08 02:32:34.710,"10 km SSW of Karakoçan, Turkey",6.1,38.864,39.986,Elazığ
2010-01-17 20:16:04.100,"64 km ESE of Karpathos, Greece",4.9,35.26,27.86,
