id,code,datetime,latitude,longitude,depth_km,magnitude,alert_level,felt_reports,significance,tsunami,gap,event_type,location
,p00014rc,1979-12-28 03:09:07.300,37.47,35.847,41.0,5.1,,,400,0,,earthquake,"3 km ENE of Kozan, Turkey"
,p00014r5,1979-12-27 21:16:53.800,42.46,41.742,33.0,4.4,,,298,0,,earthquake,"5 km E of Orsant’ia, Georgia"
,p00014mp,1979-12-21 11:53:03.400,42.656,41.437,33.0,4.4,,,298,0,,earthquake,"6 km SSW of Och’amch’ire, Georgia"
,p00013xw,1979-11-10 01:51:29.200,35.904,30.8,53.0,4.0,,,246,0,,earthquake,"64 km SE of Beykonak, Turkey"
,p00013x2,1979-11-09 05:42:36.900,36.944,27.978,35.0,4.4,,,298,0,,earthquake,"27 km NW of ?çmeler, Turkey"
,p00013vu,1979-11-06 23:07:30.300,36.949,27.794,10.0,4.1,,,259,0,,earthquake,"25 km NNE of Datça, Turkey"
,p00013tm,1979-11-02 02:06:12.100,36.684,25.477,163.0,4.1,,,259,0,,earthquake,"18 km ESE of Íos, Greece"
,p00013qg,1979-10-26 14:11:30.700,37.261,28.412,10.0,4.0,,,246,0,,earthquake,"6 km NE of Mu?la, Turkey"
,p00013mg,1979-10-21 13:53:06.100,36.897,27.882,10.0,4.0,,,246,0,,earthquake,"24 km NE of Datça, Turkey"
,p0001365,1979-09-29 14:04:27.300,35.477,27.049,65.0,4.2,,,271,0,,earthquake,"13 km ENE of Fry, Greece"
,p0001318,1979-09-20 10:36:38.400,35.243,30.878,52.0,4.4,,,298,0,,earthquake,eastern Mediterranean Sea
,p00012yk,1979-09-14 17:26:46.700,37.002,30.201,10.0,4.6,,,326,0,,earthquake,"7 km S of Korkuteli, Turkey"
,p00012xp,1979-09-13 12:06:44.500,42.106,25.273,45.0,4.3,,,284,0,,earthquake,"4 km E of Parvomay, Bulgaria"
,p00012x3,1979-09-12 16:14:51.300,38.662,39.803,10.0,5.0,,,385,0,,earthquake,"8 km SW of Kovanc?lar, Turkey"
,p00012sx,1979-09-04 07:14:02.800,39.694,44.014,35.0,4.5,,,312,0,,earthquake,"17 km NNW of Do?ubayaz?t, Turkey"
,p00012sm,1979-09-03 02:59:02.600,36.52,27.704,69.0,4.1,,,259,0,,earthquake,"15 km SW of Sými, Greece"
,p00012r1,1979-08-31 15:15:37.100,40.841,33.707,8.0,4.1,,,259,0,,earthquake,"11 km NNW of Yaprakl?, Turkey"
,p00012k4,1979-08-23 17:35:10.500,38.05,28.9,10.0,4.2,,,271,0,,earthquake,"6 km E of Buldan, Turkey"
,p00012k3,1979-08-23 16:47:46.900,39.69,28.57,10.0,5.0,,,385,0,,earthquake,"12 km NNW of Dursunbey, Turkey"
,p00012jr,1979-08-22 20:12:48.100,35.946,27.417,93.0,5.3,,,432,0,,earthquake,"50 km SW of Émponas, Greece"
,p00012jj,1979-08-22 11:47:29.600,38.097,28.949,10.0,4.0,,,246,0,,earthquake,"11 km ENE of Buldan, Turkey"
,p00012c7,1979-08-11 22:30:28.000,35.384,26.325,33.0,4.7,,,340,0,,earthquake,"21 km NNE of Palekastro, Greece"
,p000129y,1979-08-08 15:50:04.500,35.217,26.291,33.0,4.2,,,271,0,,earthquake,"3 km ENE of Palekastro, Greece"
,p000129v,1979-08-08 14:16:38.500,35.168,26.24,10.0,4.0,,,246,0,,earthquake,"3 km SSW of Palekastro, Greece"
,p000125u,1979-07-31 05:49:32.600,38.902,38.786,10.0,4.2,,,271,0,,earthquake,"7 km ESE of A??n, Turkey"
,p0001228,1979-07-25 19:29:23.900,35.361,26.27,33.0,4.2,,,271,0,,earthquake,"18 km N of Palekastro, Greece"
,p000121r,1979-07-24 23:30:06.000,35.399,26.275,33.0,4.3,,,284,0,,earthquake,"22 km N of Palekastro, Greece"
,p000121a,1979-07-24 08:27:03.800,39.009,27.805,10.0,4.0,,,246,0,,earthquake,"10 km NNW of Akhisar, Turkey"
,p000120y,1979-07-23 11:41:54.600,35.483,26.322,33.0,5.2,,,416,0,,earthquake,"32 km N of Palekastro, Greece"
,p00011yk,1979-07-20 03:54:28.000,35.326,27.076,33.0,4.2,,,271,0,,earthquake,"17 km SE of Fry, Greece"
,p00011x6,1979-07-18 13:12:02.500,39.672,28.66,10.0,5.2,,,416,0,,earthquake,"9 km NNE of Dursunbey, Turkey"
,p00011ku,1979-06-28 21:22:10.700,40.782,31.834,10.0,4.6,,,326,0,,earthquake,"16 km W of Yeniça?a, Turkey"
,p00011jq,1979-06-26 22:38:20.300,38.879,26.77,33.0,4.6,,,326,0,,earthquake,"15 km WSW of Çandarl?, Turkey"
,p00011hw,1979-06-25 19:45:33.600,35.953,29.028,44.0,4.1,,,259,0,,earthquake,"49 km SW of Kalkan, Turkey"
,p00011fv,1979-06-22 10:34:53.100,36.734,28.927,10.0,4.1,,,259,0,,earthquake,"2 km SW of Göcek, Turkey"
,p00011eg,1979-06-19 23:09:57.200,38.72,26.568,23.0,4.4,,,298,0,,earthquake,"10 km NNE of Karaburun, Turkey"
,p00011d3,1979-06-18 03:25:59.300,38.716,26.588,16.0,4.6,,,326,0,,earthquake,"11 km NE of Karaburun, Turkey"
,p00011d0,1979-06-17 23:08:38.100,38.844,26.65,23.0,4.3,,,284,0,,earthquake,"20 km NW of Yenifoça, Turkey"
,p00011bk,1979-06-16 18:42:00.300,38.748,26.633,18.0,5.1,,,400,0,,earthquake,"13 km NW of Foça, Turkey"
,p00011a5,1979-06-15 07:31:27.600,38.772,26.535,33.0,4.0,,,246,0,,earthquake,"15 km N of Karaburun, Turkey"
,p0001193,1979-06-14 13:00:59.700,38.774,26.65,33.0,4.2,,,271,0,,earthquake,"14 km NW of Foça, Turkey"
,p0001190,1979-06-14 11:44:45.900,38.808,26.527,23.0,5.8,,,518,0,,earthquake,"19 km N of Karaburun, Turkey"
,p00010zg,1979-05-29 14:23:08.200,40.959,33.549,10.0,4.1,,,259,0,,earthquake,"7 km WNW of Ilgaz, Turkey"
,p00010ys,1979-05-28 09:27:32.400,36.409,31.751,98.0,5.9,,,536,0,,earthquake,"22 km SSW of Türkler, Turkey"
,p00010r1,1979-05-19 09:46:07.300,38.72,25.602,10.0,4.3,,,284,0,,earthquake,"20 km N of Psará, Greece"
,p00010kq,1979-05-12 17:52:43.000,38.253,25.947,21.0,4.0,,,246,0,,earthquake,"17 km WSW of Thymianá, Greece"
,p000109v,1979-04-26 09:28:02.000,37.63,36.127,51.0,4.7,,,340,0,,earthquake,"20 km WNW of And?r?n, Turkey"
,p000109d,1979-04-25 07:39:44.900,41.159,44.001,10.0,4.6,,,326,0,,earthquake,"19 km WSW of Metsavan, Armenia"
,p0000zyb,1979-04-11 22:34:24.800,39.182,41.551,66.0,4.3,,,284,0,,earthquake,"8 km E of Varto, Turkey"
,p0000zy4,1979-04-11 12:14:26.300,39.111,43.901,34.0,5.0,,,385,0,,earthquake,"47 km E of Erci?, Turkey"
,p0000zuj,1979-04-04 21:17:03.400,36.017,30.689,62.0,4.3,,,284,0,,earthquake,"48 km SE of Beykonak, Turkey"
,p0000zmg,1979-03-23 12:57:43.300,35.102,28.017,55.0,4.0,,,246,0,,earthquake,"85 km ESE of Karpathos, Greece"
,p0000zj7,1979-03-21 05:04:14.200,37.794,39.015,10.0,4.4,,,298,0,,earthquake,"17 km S of Gerger, Turkey"
,p0000z1x,1979-02-28 03:17:58.300,36.833,28.354,103.0,4.1,,,259,0,,earthquake,"7 km ESE of Marmaris, Turkey"
,p0000yx6,1979-02-19 04:03:38.500,36.043,31.088,45.0,4.2,,,271,0,,earthquake,"71 km SE of Tekirova, Turkey"
,p0000yvq,1979-02-16 04:28:21.400,36.732,25.815,33.0,4.4,,,298,0,,earthquake,"13 km SW of Amorgós, Greece"
,p0000yr3,1979-02-07 05:11:43.100,38.359,36.322,10.0,4.0,,,246,0,,earthquake,"13 km NE of Tufanbeyli, Turkey"
,p0000ygu,1979-01-20 03:46:02.900,40.096,39.56,10.0,4.8,,,354,0,,earthquake,"11 km ESE of Kelkit, Turkey"
,p0000ygs,1979-01-19 23:36:57.800,39.845,39.556,10.0,4.9,,,369,0,,earthquake,"13 km NNE of Erzincan, Turkey"
,p0000ydp,1979-01-13 04:45:47.400,35.889,30.984,33.0,4.2,,,271,0,,earthquake,"78 km SE of Beykonak, Turkey"
,p0000y9y,1979-01-05 10:03:50.200,39.854,25.666,10.0,4.2,,,271,0,,earthquake,"34 km W of Bozcaada, Turkey"
,p0000xsn,1978-12-06 13:09:16.000,40.497,34.987,10.0,4.7,,,340,0,,earthquake,"6 km SSE of Çorum, Turkey"
,p0000xrs,1978-12-04 03:12:34.000,38.07,37.468,10.0,5.1,,,400,0,,earthquake,"12 km NNE of Nurhak, Turkey"
,p0000xnn,1978-11-28 18:02:20.100,36.162,26.371,123.0,5.0,,,385,0,,earthquake,"43 km S of Astypálaia, Greece"
,p0000xmm,1978-11-25 08:57:21.800,39.239,43.332,33.0,4.6,,,326,0,,earthquake,"23 km N of Erci?, Turkey"
,p0000xfk,1978-11-15 23:48:53.600,35.291,27.716,33.0,4.2,,,271,0,,earthquake,"51 km ESE of Karpathos, Greece"
,p00043kd,1989-12-26 13:24:42.930,36.287,27.231,10.0,4.1,,,259,0,,earthquake,"37 km SSE of Mandráki, Greece"
,p00043jv,1989-12-26 02:30:09.620,36.395,26.784,143.5,4.4,,,298,0,,earthquake,"39 km SW of Mandráki, Greece"
,p00043jh,1989-12-25 17:49:04.660,36.753,26.633,10.0,4.1,,,259,0,,earthquake,"29 km W of Kéfalos, Greece"
,p00043hb,1989-12-24 14:18:39.830,35.289,27.774,10.0,4.1,,,259,0,,earthquake,"56 km ESE of Karpathos, Greece"
,p00043gq,1989-12-24 01:20:20.970,35.361,31.859,33.0,4.0,,,246,0,,earthquake,"63 km NW of Pólis, Cyprus"
,p00043g7,1989-12-23 14:59:03.240,38.305,26.585,10.0,4.5,,,312,0,,earthquake,"15 km W of Urla, Turkey"
,p00043e1,1989-12-22 00:43:42.140,36.94,26.406,9.9,4.6,,,326,0,,earthquake,"42 km SSW of Pátmos, Greece"
,p000438c,1989-12-18 14:03:15.190,37.921,29.167,19.2,4.7,,,340,0,,earthquake,"4 km E of Pamukkale, Turkey"
,p000438a,1989-12-18 13:58:14.210,37.897,29.247,30.5,4.5,,,312,0,,earthquake,"11 km E of Pamukkale, Turkey"
,p000437p,1989-12-17 23:01:31.890,35.022,27.215,10.0,4.0,,,246,0,,earthquake,"51 km SSE of Fry, Greece"
,p000437k,1989-12-17 21:22:33.860,39.3,28.282,18.4,4.2,,,271,0,,earthquake,"11 km NE of S?nd?rg?, Turkey"
,p000435z,1989-12-16 21:10:39.020,35.183,26.612,87.2,4.5,,,312,0,,earthquake,"32 km E of Palekastro, Greece"
,p00042z4,1989-12-11 15:36:38.900,38.367,25.06,12.5,4.1,,,259,0,,earthquake,"47 km WSW of Psará, Greece"
,p00042z2,1989-12-11 15:23:35.090,38.372,25.058,16.5,4.1,,,259,0,,earthquake,"47 km WSW of Psará, Greece"
,p00042ww,1989-12-09 22:06:16.050,38.385,25.034,42.8,4.2,,,271,0,,earthquake,"49 km WSW of Psará, Greece"
,p00042u4,1989-12-07 06:13:53.810,36.669,26.944,158.9,4.2,,,271,0,,earthquake,"8 km S of Kéfalos, Greece"
,p00042c9,1989-11-24 05:14:23.470,36.535,26.675,10.0,4.0,,,246,0,,earthquake,"29 km E of Astypálaia, Greece"
,p00042c1,1989-11-24 01:45:52.460,36.705,26.639,10.0,4.8,,,354,0,,earthquake,"28 km W of Kéfalos, Greece"
,p00042ba,1989-11-23 07:46:42.540,35.361,25.834,10.0,4.0,,,246,0,,earthquake,"14 km NE of Eloúnda, Greece"
,p00041yt,1989-11-12 04:50:04.380,38.616,26.162,10.0,4.1,,,259,0,,earthquake,"12 km NNW of Oinoússes, Greece"
,p00041k5,1989-11-01 13:59:27.770,36.462,26.976,141.2,4.6,,,326,0,,earthquake,"21 km SW of Mandráki, Greece"
,p00041cu,1989-10-28 12:52:56.450,35.149,26.805,33.0,4.1,,,259,0,,earthquake,"31 km SSW of Fry, Greece"
,p00041cp,1989-10-28 07:46:14.940,35.601,26.718,10.0,4.1,,,259,0,,earthquake,"27 km NW of Fry, Greece"
,p000418n,1989-10-25 15:27:43.810,43.0,26.616,36.9,4.2,,,271,0,,earthquake,"1 km W of Varbitsa, Bulgaria"
,p00040p8,1989-10-14 07:14:41.020,36.687,25.319,171.2,4.1,,,259,0,,earthquake,"6 km SSE of Íos, Greece"
,p00040gx,1989-10-10 03:08:56.010,39.02,35.627,10.0,4.2,,,271,0,,earthquake,"9 km SSE of Felahiye, Turkey"
,p000404p,1989-09-29 01:33:09.200,35.642,27.306,64.3,4.2,,,271,0,,earthquake,"17 km NNE of Karpathos, Greece"
,p0003zqb,1989-09-18 02:27:34.710,38.957,35.554,10.0,4.3,,,284,0,,earthquake,"14 km S of Felahiye, Turkey"
,p0003zh1,1989-09-13 09:36:49.550,37.726,30.219,10.0,4.2,,,271,0,,earthquake,"6 km W of Burdur, Turkey"
,p0003z89,1989-09-05 08:50:13.620,35.472,31.121,22.1,4.1,,,259,0,,earthquake,"120 km SE of Beykonak, Turkey"
,p0003z87,1989-09-05 06:52:30.100,40.2,25.086,10.0,5.4,,,449,0,,earthquake,"36 km N of Mýrina, Greece"
,p0003yr9,1989-08-21 21:54:31.460,35.731,26.93,10.0,4.1,,,259,0,,earthquake,"34 km N of Fry, Greece"
,p0003yjn,1989-08-17 13:41:50.020,36.6,26.789,170.9,4.4,,,298,0,,earthquake,"22 km SW of Kéfalos, Greece"
,p0003yhe,1989-08-16 11:22:35.400,36.077,28.828,66.7,4.2,,,271,0,,earthquake,"56 km WSW of Kalkan, Turkey"
,p0003ygp,1989-08-15 17:03:29.670,39.177,26.293,10.0,4.6,,,326,0,,earthquake,"8 km SSE of Agía Paraskeví, Greece"
,p0003ygk,1989-08-15 16:08:07.780,39.168,26.333,4.6,4.2,,,271,0,,earthquake,"10 km NNW of Agiásos, Greece"
,p0003xwu,1989-08-01 00:23:35.040,35.922,31.706,139.0,4.0,,,246,0,,earthquake,"67 km SW of Gazipa?a, Turkey"
,p0003xpk,1989-07-25 15:40:46.550,36.145,29.481,51.7,4.1,,,259,0,,earthquake,"15 km SSE of Kalkan, Turkey"
,p0003xfn,1989-07-19 10:08:47.860,36.124,27.187,55.5,4.0,,,246,0,,earthquake,"54 km S of Mandráki, Greece"
,p0003xbm,1989-07-15 11:49:23.140,35.981,30.793,59.0,4.0,,,246,0,,earthquake,"58 km SE of Beykonak, Turkey"
,p0003x92,1989-07-12 13:42:53.980,37.151,31.09,125.6,4.2,,,271,0,,earthquake,"25 km N of Serik, Turkey"
,p0003x8v,1989-07-12 07:46:04.270,35.436,26.656,66.4,4.0,,,246,0,,earthquake,"24 km W of Fry, Greece"
,p0003x3m,1989-07-08 05:45:51.340,36.716,28.072,69.7,4.1,,,259,0,,earthquake,"16 km WSW of ?çmeler, Turkey"
,p0003wuj,1989-07-01 06:21:23.640,35.615,26.87,10.0,4.0,,,246,0,,earthquake,"22 km NNW of Fry, Greece"
,p0003wkm,1989-06-24 15:01:26.820,37.082,28.084,33.9,4.3,,,284,0,,earthquake,"23 km SSW of Bay?r, Turkey"
,p0003wjy,1989-06-24 03:09:57.560,36.719,35.943,41.6,5.1,,,400,0,,earthquake,"25 km NW of ?skenderun, Turkey"
,p0003wcj,1989-06-18 00:30:46.590,35.373,27.424,13.1,4.1,,,259,0,,earthquake,"24 km SE of Karpathos, Greece"
,p0003w87,1989-06-13 13:16:06.990,35.599,27.233,21.5,4.0,,,246,0,,earthquake,"10 km N of Karpathos, Greece"
,p0003w5m,1989-06-10 21:50:56.990,36.369,31.965,112.3,4.0,,,246,0,,earthquake,"17 km SW of Mahmutlar, Turkey"
,p0003vrt,1989-05-29 01:15:05.700,36.058,27.455,32.8,4.0,,,246,0,,earthquake,"40 km WSW of Émponas, Greece"
,p0003vhw,1989-05-22 23:13:25.310,36.648,25.839,41.4,4.0,,,246,0,,earthquake,"21 km SSW of Amorgós, Greece"
,p0003ve5,1989-05-20 20:44:02.260,39.553,40.172,38.2,5.4,,,449,0,,earthquake,"24 km ENE of Pulumer, Turkey"
,p0003v3k,1989-05-10 03:25:28.360,39.698,27.91,18.6,4.1,,,259,0,,earthquake,"5 km NNE of Bal?kesir, Turkey"
,p0003v3j,1989-05-10 03:05:29.300,39.688,27.905,19.3,4.2,,,271,0,,earthquake,"4 km NNE of Bal?kesir, Turkey"
,p0003uug,1989-05-03 12:59:22.480,35.336,27.723,10.0,4.0,,,246,0,,earthquake,"50 km ESE of Karpathos, Greece"
,p0003uk0,1989-04-28 14:52:56.420,37.063,27.962,6.8,4.2,,,271,0,,earthquake,"32 km SW of Bay?r, Turkey"
,p0003uju,1989-04-28 13:44:05.180,36.982,28.006,20.2,4.0,,,246,0,,earthquake,"27 km WNW of Marmaris, Turkey"
,p0003ujr,1989-04-28 13:30:19.240,37.004,28.139,16.9,5.6,,,482,0,,earthquake,"20 km NW of Marmaris, Turkey"
,p0003uha,1989-04-28 01:18:48.860,37.021,28.013,19.3,4.3,,,284,0,,earthquake,"29 km NW of Marmaris, Turkey"
,p0003ugy,1989-04-27 23:06:52.240,37.027,28.18,13.9,5.5,,,465,0,,earthquake,"20 km NNW of Marmaris, Turkey"
,p0003tru,1989-04-09 02:54:04.350,36.637,42.211,33.0,4.6,,,326,0,,earthquake,"46 km NE of Sinj?r, Iraq"
,p0003tfa,1989-03-30 16:36:24.580,41.081,43.915,10.0,4.6,,,326,0,,earthquake,"17 km NE of Amasia, Armenia"
,p0003stb,1989-03-10 08:00:48.760,40.027,41.816,10.0,4.4,,,298,0,,earthquake,"13 km ENE of Pasinler, Turkey"
,p0003sry,1989-03-09 00:28:31.980,35.232,27.656,27.8,4.2,,,271,0,,earthquake,"50 km SE of Karpathos, Greece"
,p0003sr1,1989-03-08 06:49:25.870,36.331,27.736,96.0,4.5,,,312,0,,earthquake,"15 km NW of Émponas, Greece"
,p0003s9d,1989-02-24 12:30:11.650,37.729,29.286,26.2,4.4,,,298,0,,earthquake,"3 km SSE of Honaz, Turkey"
,p0003s8k,1989-02-24 01:17:44.740,37.721,29.255,27.1,4.4,,,298,0,,earthquake,"4 km SSW of Honaz, Turkey"
,p0003s8b,1989-02-24 00:40:35.150,37.731,29.347,18.5,5.3,,,432,0,,earthquake,"7 km ESE of Honaz, Turkey"
,p0003s2x,1989-02-19 14:28:46.510,37.009,28.226,10.0,5.4,,,449,0,,earthquake,"17 km NNW of Marmaris, Turkey"
,p0003rxq,1989-02-15 04:01:15.230,39.058,29.744,10.0,4.4,,,298,0,,earthquake,"20 km SSW of Aslanapa, Turkey"
,p0009kg0,1999-12-30 04:51:08.020,38.845,25.972,10.0,4.0,,,246,0,,earthquake,"31 km SW of Polichnítos, Greece"
,p0009k46,1999-12-21 22:56:56.730,35.35,27.7,33.0,4.2,,,271,0,,earthquake,"47 km ESE of Karpathos, Greece"
,p0009k1m,1999-12-20 03:27:19.940,40.785,30.873,10.0,4.3,,,284,0,,earthquake,"10 km E of Hendek, Turkey"
,p0009k1b,1999-12-19 23:37:19.760,40.906,33.848,10.0,4.0,,,246,0,,earthquake,Central Turkey
,p0009juc,1999-12-13 19:13:37.560,40.734,30.756,10.0,4.3,,,284,0,,earthquake,Western Turkey
,p0009jk2,1999-12-07 13:09:11.320,40.187,42.113,33.0,4.1,,,259,0,,earthquake,"17 km NNW of Horasan, Turkey"
,p0009jj0,1999-12-06 22:29:54.340,37.011,27.491,10.0,4.0,,,246,0,,earthquake,"6 km ESE of Bodrum, Turkey"
,p0009jgt,1999-12-05 22:14:37.700,40.677,42.516,10.0,4.6,,,326,0,,earthquake,"14 km SSW of Göle, Turkey"
,p0009jep,1999-12-03 20:06:56.700,40.305,42.306,34.6,4.6,,,326,0,,earthquake,"24 km W of Sar?kam??, Turkey"
,p0009jej,1999-12-03 17:06:54.700,40.358,42.346,19.3,5.7,,,500,0,,earthquake,"20 km W of Sar?kam??, Turkey"
,p0009j09,1999-11-23 06:27:37.460,40.053,42.829,10.0,4.0,,,246,0,,earthquake,"28 km WSW of Ka??zman, Turkey"
,p0009hzw,1999-11-23 00:47:51.760,42.065,25.165,3.8,4.5,,,312,0,,earthquake,"5 km SW of Parvomay, Bulgaria"
,p0009hys,1999-11-21 22:27:32.770,40.72,31.557,10.0,4.4,,,298,0,,earthquake,"4 km WSW of Bolu, Turkey"
,p0009hxt,1999-11-21 07:53:40.760,40.676,31.208,10.0,4.0,,,246,0,,earthquake,"18 km SSE of Düzce, Turkey"
,p0009hxd,1999-11-21 04:31:42.800,40.783,30.804,10.0,4.2,,,271,0,,earthquake,"5 km ESE of Hendek, Turkey"
,p0009hw1,1999-11-20 08:44:13.130,40.853,31.492,10.0,4.0,,,246,0,,earthquake,"16 km NW of Bolu, Turkey"
,p0009hv2,1999-11-19 19:59:07.960,40.809,30.967,6.7,4.8,,,354,0,,earthquake,"16 km WSW of Düzce, Turkey"
,p0009huk,1999-11-19 14:01:14.670,40.797,30.734,10.0,4.1,,,259,0,,earthquake,"1 km WSW of Hendek, Turkey"
,p0009hua,1999-11-19 10:27:59.140,40.785,31.071,10.0,4.1,,,259,0,,earthquake,"9 km SW of Düzce, Turkey"
,p0009hrs,1999-11-17 08:15:26.200,40.807,31.467,9.4,4.8,,,354,0,,earthquake,"14 km NW of Bolu, Turkey"
,p0009hrb,1999-11-17 03:36:00.490,40.717,31.42,10.0,4.2,,,271,0,,earthquake,Western Turkey
,p0009hqg,1999-11-16 17:51:18.100,40.717,31.608,10.0,5.1,,,400,0,,earthquake,"2 km S of Bolu, Turkey"
,p0009hp7,1999-11-15 16:26:58.620,40.771,30.851,10.0,4.0,,,246,0,,earthquake,Western Turkey
,p0009hnb,1999-11-14 22:55:15.960,40.736,31.559,10.0,4.1,,,259,0,,earthquake,"3 km W of Bolu, Turkey"
,p0009hj2,1999-11-13 18:43:42.460,40.85,31.498,0.1,4.0,,,246,0,,earthquake,"15 km NW of Bolu, Turkey"
,p0009hhg,1999-11-13 10:10:34.020,40.762,31.53,10.0,4.0,,,246,0,,earthquake,"7 km WNW of Bolu, Turkey"
,p0009hhf,1999-11-13 09:59:23.030,40.784,30.962,10.0,4.1,,,259,0,,earthquake,Western Turkey
,p0009hha,1999-11-13 08:33:43.310,40.781,31.374,10.0,4.2,,,271,0,,earthquake,Western Turkey
,p0009hh8,1999-11-13 08:14:37.250,40.776,31.047,10.0,4.0,,,246,0,,earthquake,"12 km SW of Düzce, Turkey"
,p0009hgy,1999-11-13 04:10:20.850,40.627,31.508,10.0,4.0,,,246,0,,earthquake,"14 km SW of Bolu, Turkey"
,p0009hgw,1999-11-13 03:57:32.820,40.733,31.505,10.0,4.3,,,284,0,,earthquake,"8 km W of Bolu, Turkey"
,p0009hgn,1999-11-13 00:54:55.330,40.768,31.05,10.0,4.8,,,354,0,,earthquake,"12 km SW of Düzce, Turkey"
,p0009hgk,1999-11-13 00:14:48.430,40.82,31.496,10.0,4.4,,,298,0,,earthquake,"13 km NW of Bolu, Turkey"
,p0009hgf,1999-11-12 22:49:29.810,40.684,30.871,10.0,4.1,,,259,0,,earthquake,"16 km SE of Hendek, Turkey"
,p0009hgc,1999-11-12 22:20:53.510,40.757,31.339,10.0,4.4,,,298,0,,earthquake,"17 km ESE of Düzce, Turkey"
,p0009hga,1999-11-12 22:01:12.100,40.794,31.394,10.0,4.0,,,246,0,,earthquake,"19 km WNW of Bolu, Turkey"
,p0009hg7,1999-11-12 21:42:25.510,40.831,31.279,10.0,4.2,,,271,0,,earthquake,"9 km E of Düzce, Turkey"
,p0009hg6,1999-11-12 21:38:32.710,40.809,31.105,10.0,4.4,,,298,0,,earthquake,"5 km SW of Düzce, Turkey"
,p0009hfw,1999-11-12 20:53:53.260,40.724,31.596,10.0,4.1,,,259,0,,earthquake,"1 km SSW of Bolu, Turkey"
,p0009hfu,1999-11-12 20:44:35.610,40.803,31.27,10.0,4.0,,,246,0,,earthquake,"9 km ESE of Düzce, Turkey"
,p0009hfs,1999-11-12 20:04:44.990,40.758,31.219,10.0,4.5,,,312,0,,earthquake,"10 km SSE of Düzce, Turkey"
,p0009hfq,1999-11-12 19:15:34.030,40.77,31.442,10.0,4.4,,,298,0,,earthquake,"14 km WNW of Bolu, Turkey"
,p0009hfm,1999-11-12 19:06:30.150,40.781,31.179,10.0,4.1,,,259,0,,earthquake,"6 km S of Düzce, Turkey"
,p0009hfk,1999-11-12 19:05:49.850,40.576,31.608,10.0,4.1,,,259,0,,earthquake,"17 km S of Bolu, Turkey"
,p0009hfd,1999-11-12 18:23:52.010,40.77,31.037,10.0,4.2,,,271,0,,earthquake,"13 km SW of Düzce, Turkey"
,p0009hfc,1999-11-12 18:14:31.190,40.738,31.339,10.0,4.8,,,354,0,,earthquake,"18 km SE of Düzce, Turkey"
,p0009hfb,1999-11-12 18:10:11.770,40.851,31.607,10.0,4.1,,,259,0,,earthquake,"12 km N of Bolu, Turkey"
,p0009hf9,1999-11-12 18:07:51.970,40.762,31.302,10.0,4.0,,,246,0,,earthquake,"14 km SE of Düzce, Turkey"
,p0009hf7,1999-11-12 17:57:03.180,40.877,31.72,10.0,4.1,,,259,0,,earthquake,"18 km NNE of Bolu, Turkey"
,p0009hf4,1999-11-12 17:46:56.820,40.732,30.953,10.0,4.5,,,312,0,,earthquake,"18 km ESE of Hendek, Turkey"
,p0009hf3,1999-11-12 17:29:31.510,40.742,31.471,10.0,5.2,,,416,0,,earthquake,"11 km W of Bolu, Turkey"
,p0009hf2,1999-11-12 17:26:14.640,40.697,31.515,10.0,4.5,,,312,0,,earthquake,"8 km WSW of Bolu, Turkey"
,p0009hf1,1999-11-12 17:22:54.340,40.793,31.116,10.0,4.6,,,326,0,,earthquake,"6 km SW of Düzce, Turkey"
,p0009hf0,1999-11-12 17:17:56.790,40.785,31.12,10.0,5.5,,,465,0,,earthquake,"7 km SSW of Düzce, Turkey"
,p0009hez,1999-11-12 17:16:50.120,40.755,31.022,10.0,4.8,,,354,0,,earthquake,"15 km SW of Düzce, Turkey"
,p0009hey,1999-11-12 17:13:42.180,40.868,31.101,10.0,4.3,,,284,0,,earthquake,"6 km WNW of Düzce, Turkey"
,p0009hev,1999-11-12 16:57:19.550,40.758,31.161,10.0,7.2,,,798,0,,earthquake,"8 km S of Düzce, Turkey"
,p0009hd6,1999-11-11 14:55:24.320,40.784,30.448,10.0,4.1,,,259,0,,earthquake,"3 km E of Adapazar?, Turkey"
,p0009hd3,1999-11-11 14:41:25.610,40.744,30.266,22.0,5.7,,,500,0,,earthquake,"5 km N of Sapanca, Turkey"
,p0009h7w,1999-11-07 17:06:06.080,40.738,30.751,10.0,4.2,,,271,0,,earthquake,"6 km S of Hendek, Turkey"
,p0009h7v,1999-11-07 16:54:41.730,40.693,30.725,10.0,5.0,,,385,0,,earthquake,"8 km E of Akyaz?, Turkey"
,p0009gsu,1999-10-29 22:10:02.430,37.855,31.947,10.0,4.1,,,259,0,,earthquake,"18 km SSW of Derbent, Turkey"
,p0009ggr,1999-10-24 01:22:14.740,35.192,27.543,33.0,4.5,,,312,0,,earthquake,"46 km SE of Karpathos, Greece"
,p0009gax,1999-10-20 23:08:19.540,40.77,29.087,10.0,4.6,,,326,0,,earthquake,"11 km SSW of Adalar, Turkey"
,p0009ffm,1999-10-05 01:04:59.260,36.856,28.025,33.0,4.3,,,284,0,,earthquake,"19 km WNW of ?çmeler, Turkey"
,p0009ffh,1999-10-05 00:53:28.970,36.73,28.24,33.0,5.2,,,416,0,,earthquake,"7 km S of ?çmeler, Turkey"
,p0009fd6,1999-10-03 15:48:51.750,36.184,30.503,76.6,4.1,,,259,0,,earthquake,"23 km SE of Beykonak, Turkey"
,p0009f5w,1999-09-29 00:13:05.580,40.739,29.346,10.0,5.2,,,416,0,,earthquake,"8 km NNW of Ta?köprü, Turkey"
,p0009f1p,1999-09-26 06:38:38.540,39.02,27.955,10.0,4.1,,,259,0,,earthquake,"15 km NE of Akhisar, Turkey"
,p0009ez3,1999-09-24 19:08:03.640,37.488,38.626,10.0,4.3,,,284,0,,earthquake,"16 km NNE of Bozova, Turkey"
,p0009era,1999-09-20 21:27:59.200,40.644,27.589,10.0,4.8,,,354,0,,earthquake,"7 km NNE of Marmara, Turkey"
,p0009enx,1999-09-19 20:26:35.770,40.636,30.527,10.0,4.3,,,284,0,,earthquake,"1 km WSW of Karapürçek, Turkey"
,p0009ejt,1999-09-18 00:48:24.660,40.607,29.297,10.0,4.5,,,312,0,,earthquake,"5 km SSE of Yalova, Turkey"
,p0009ejg,1999-09-17 19:50:04.880,40.711,30.154,10.0,4.3,,,284,0,,earthquake,"9 km WNW of Sapanca, Turkey"
,p0009eg0,1999-09-16 06:48:35.370,36.812,42.216,33.0,4.2,,,271,0,,earthquake,"41 km SSW of Bostanc?, Turkey"
,p0009ede,1999-09-13 11:55:28.180,40.709,30.045,13.0,5.9,,,536,0,,earthquake,"4 km SE of Köseköy, Turkey"
,p0009e7m,1999-09-09 08:15:35.060,40.259,25.813,5.0,4.8,,,354,0,,earthquake,"10 km NW of Gökçeada, Turkey"
,p0009e7k,1999-09-09 08:11:56.740,40.227,25.894,5.0,4.1,,,259,0,,earthquake,"3 km NNW of Gökçeada, Turkey"
,p0009e74,1999-09-09 01:32:08.120,40.718,29.144,13.1,5.0,,,385,0,,earthquake,"7 km NNW of Koruköy, Turkey"
,p0009e2p,1999-09-06 06:33:22.550,40.542,29.985,10.0,4.0,,,246,0,,earthquake,"15 km SSE of Bahçecik, Turkey"
,p0009e0f,1999-09-04 10:30:46.410,40.741,30.032,17.3,4.0,,,246,0,,earthquake,"2 km E of Köseköy, Turkey"
,p0009dy1,1999-09-02 14:25:19.870,40.563,30.532,10.0,4.0,,,246,0,,earthquake,"8 km S of Karapürçek, Turkey"
,p0009dw6,1999-08-31 22:28:34.190,40.555,29.13,10.0,4.2,,,271,0,,earthquake,"9 km NNE of Küçükkumla, Turkey"
,p0009dv9,1999-08-31 08:33:23.830,40.708,29.954,10.0,4.5,,,312,0,,earthquake,"1 km NNE of Kar??yaka, Turkey"
,p0009dv7,1999-08-31 08:10:49.530,40.711,29.949,10.0,5.2,,,416,0,,earthquake,"2 km NNE of Kar??yaka, Turkey"
,p0009dtq,1999-08-30 06:51:26.730,39.31,32.401,2.1,4.1,,,259,0,,earthquake,"15 km SSW of Haymana, Turkey"
,p0009dss,1999-08-29 10:15:02.290,40.725,31.173,10.0,4.2,,,271,0,,earthquake,"12 km S of Düzce, Turkey"
,p0009drx,1999-08-28 20:16:33.520,35.105,30.538,33.0,4.7,,,340,0,,earthquake,"135 km SSE of Demre, Turkey"
,p0009dpe,1999-08-26 17:49:38.080,40.744,30.016,10.0,4.8,,,354,0,,earthquake,"0 km ENE of Köseköy, Turkey"
,p0009dnj,1999-08-26 06:35:52.350,37.857,31.127,10.0,4.1,,,259,0,,earthquake,"8 km NE of Aksu, Turkey"
,p0009dmt,1999-08-25 17:46:12.010,36.382,31.445,33.0,4.3,,,284,0,,earthquake,"37 km SW of Okurcalar, Turkey"
,p0009dk4,1999-08-24 18:58:57.490,40.659,30.16,10.0,4.2,,,271,0,,earthquake,"9 km WSW of Sapanca, Turkey"
,p0009dk0,1999-08-24 17:37:14.450,39.349,32.705,10.0,4.2,,,271,0,,earthquake,"16 km NNW of Altp?nar, Turkey"
,p0009djz,1999-08-24 17:33:20.500,39.392,32.636,10.0,4.9,,,369,0,,earthquake,"12 km ESE of Haymana, Turkey"
,p0009dj1,1999-08-23 21:54:51.570,40.615,29.162,10.0,4.1,,,259,0,,earthquake,"4 km S of Koruköy, Turkey"
,p0009dg7,1999-08-22 14:30:58.860,40.638,30.773,10.0,4.5,,,312,0,,earthquake,"13 km ESE of Akyaz?, Turkey"
,p0009dg3,1999-08-22 11:12:55.040,39.175,40.214,10.0,4.5,,,312,0,,earthquake,"13 km ESE of Yayladere, Turkey"
,p0009dd3,1999-08-20 15:59:01.980,40.753,30.819,10.0,4.2,,,271,0,,earthquake,"7 km SE of Hendek, Turkey"
,p0009dcf,1999-08-20 10:00:16.810,40.573,30.677,10.0,4.3,,,284,0,,earthquake,"13 km SSE of Akyaz?, Turkey"
,p0009dcd,1999-08-20 09:48:36.740,40.694,29.708,10.0,4.0,,,246,0,,earthquake,"1 km SE of Ula?l?, Turkey"
,p0009dcb,1999-08-20 09:28:54.780,40.58,29.274,10.0,4.5,,,312,0,,earthquake,"6 km SE of Kad?köy, Turkey"
,p0009dbt,1999-08-20 00:03:01.960,40.72,29.994,10.0,4.1,,,259,0,,earthquake,"0 km SE of Kullar, Turkey"
,p0009db7,1999-08-19 18:34:49.160,40.325,31.323,10.0,4.0,,,246,0,,earthquake,"15 km N of Nall?han, Turkey"
,p0009daz,1999-08-19 15:17:45.040,40.618,29.138,10.0,5.2,,,416,0,,earthquake,"3 km SSE of Ç?narc?k, Turkey"
,p0009dav,1999-08-19 14:15:58.840,40.608,29.2,10.0,4.5,,,312,0,,earthquake,"2 km WSW of Kad?köy, Turkey"
,p0009dat,1999-08-19 13:04:12.540,40.619,30.769,10.0,4.7,,,340,0,,earthquake,"14 km ESE of Akyaz?, Turkey"
,p0009d9z,1999-08-18 21:15:52.040,40.644,31.037,10.0,4.1,,,259,0,,earthquake,"23 km NW of Mudurnu, Turkey"
,p0009d9n,1999-08-18 15:34:15.760,40.862,30.675,10.0,4.0,,,246,0,,earthquake,"9 km NW of Hendek, Turkey"
,p0009d8k,1999-08-18 01:04:24.490,40.649,30.915,10.0,4.1,,,259,0,,earthquake,"21 km SE of Hendek, Turkey"
,p0009d89,1999-08-17 22:12:47.950,40.759,30.588,6.1,4.2,,,271,0,,earthquake,"8 km NNW of Akyaz?, Turkey"
,p0009d88,1999-08-17 21:47:38.840,40.763,30.079,10.0,4.1,,,259,0,,earthquake,"6 km ENE of Köseköy, Turkey"
,p0009d7x,1999-08-17 18:35:24.140,40.597,29.086,10.0,4.0,,,246,0,,earthquake,"5 km SE of Kocadere, Turkey"
,p0009d75,1999-08-17 11:58:08.740,40.631,30.668,10.0,4.4,,,298,0,,earthquake,"7 km SSE of Akyaz?, Turkey"
,p0009d74,1999-08-17 11:36:43.290,40.568,30.197,10.0,4.0,,,246,0,,earthquake,"7 km NNE of Pamukova, Turkey"
,p0009d72,1999-08-17 10:46:41.310,40.711,29.942,10.0,4.5,,,312,0,,earthquake,"1 km N of Kar??yaka, Turkey"
,p0009d6z,1999-08-17 09:36:17.310,40.88,31.218,10.0,4.2,,,271,0,,earthquake,"6 km NE of Düzce, Turkey"
,p0009d6y,1999-08-17 09:31:56.560,40.902,30.261,10.0,4.1,,,259,0,,earthquake,"14 km SSW of Kaynarca, Turkey"
,p0009d6w,1999-08-17 09:02:09.700,40.741,31.23,10.0,4.6,,,326,0,,earthquake,"12 km SSE of Düzce, Turkey"
,p0009d6u,1999-08-17 08:11:19.530,40.655,30.741,10.0,4.1,,,259,0,,earthquake,"10 km ESE of Akyaz?, Turkey"
,p0009d6t,1999-08-17 08:09:19.220,40.676,30.84,10.0,4.3,,,284,0,,earthquake,"15 km SSE of Hendek, Turkey"
,p0009d6q,1999-08-17 07:21:02.200,40.741,30.753,10.0,4.2,,,271,0,,earthquake,"6 km S of Hendek, Turkey"
,p0009d6n,1999-08-17 06:35:19.030,40.674,30.651,10.0,4.6,,,326,0,,earthquake,"2 km ESE of Akyaz?, Turkey"
,p0009d6m,1999-08-17 06:35:01.040,40.644,30.617,10.0,4.0,,,246,0,,earthquake,"4 km S of Akyaz?, Turkey"
,p0009d6k,1999-08-17 06:28:00.570,40.841,31.218,10.0,4.6,,,326,0,,earthquake,"4 km E of Düzce, Turkey"
,p0009d6g,1999-08-17 06:01:32.550,40.736,29.964,10.0,4.0,,,246,0,,earthquake,"2 km WNW of Kullar, Turkey"
,p0009d6c,1999-08-17 05:45:22.410,40.739,30.203,10.0,4.1,,,259,0,,earthquake,"7 km NW of Sapanca, Turkey"
,p0009d6b,1999-08-17 05:10:08.440,40.845,30.347,10.0,4.6,,,326,0,,earthquake,"8 km NNW of Adapazar?, Turkey"
,p0009d69,1999-08-17 04:44:15.970,40.882,30.833,10.0,4.2,,,271,0,,earthquake,"11 km NE of Hendek, Turkey"
,p0009d68,1999-08-17 04:39:58.130,40.739,30.408,10.0,4.1,,,259,0,,earthquake,"4 km S of Adapazar?, Turkey"
,p0009d63,1999-08-17 04:20:16.750,40.585,30.466,10.0,4.5,,,312,0,,earthquake,"8 km SW of Karapürçek, Turkey"
,p0009d61,1999-08-17 04:14:22.950,40.694,29.194,10.0,4.2,,,271,0,,earthquake,"5 km NNE of Koruköy, Turkey"
,p0009d5y,1999-08-17 03:43:05.510,40.727,30.389,10.0,4.1,,,259,0,,earthquake,"6 km SSW of Adapazar?, Turkey"
,p0009d5x,1999-08-17 03:23:14.620,40.755,30.3,10.0,4.2,,,271,0,,earthquake,"7 km NNE of Sapanca, Turkey"
,p0009d5w,1999-08-17 03:14:00.370,40.616,30.688,10.0,5.1,,,400,0,,earthquake,"9 km SE of Akyaz?, Turkey"
,p0009d5v,1999-08-17 03:08:13.930,40.693,30.96,10.0,4.0,,,246,0,,earthquake,"21 km ESE of Hendek, Turkey"
,p0009d5t,1999-08-17 02:50:45.430,40.715,30.113,10.0,4.9,,,369,0,,earthquake,"9 km ESE of Köseköy, Turkey"
,p0009d5s,1999-08-17 02:42:55.470,40.561,30.648,10.0,4.8,,,354,0,,earthquake,"12 km SE of Karapürçek, Turkey"
,p0009d5r,1999-08-17 02:34:53.190,40.643,30.708,10.0,4.5,,,312,0,,earthquake,"8 km ESE of Akyaz?, Turkey"
,p0009d5q,1999-08-17 02:26:14.960,40.752,30.979,10.0,4.1,,,259,0,,earthquake,"18 km WSW of Düzce, Turkey"
,p0009d5p,1999-08-17 02:23:13.720,40.709,29.11,10.0,4.2,,,271,0,,earthquake,"7 km N of Ç?narc?k, Turkey"
,p0009d5g,1999-08-17 01:47:05.350,40.96,28.985,10.0,4.0,,,246,0,,earthquake,"6 km S of Eminönü, Turkey"
,p0009d5f,1999-08-17 01:36:34.890,40.594,30.717,10.0,4.0,,,246,0,,earthquake,"12 km SE of Akyaz?, Turkey"
,p0009d5e,1999-08-17 01:33:07.400,40.648,29.117,10.0,4.6,,,326,0,,earthquake,"0 km WNW of Ç?narc?k, Turkey"
,p0009d5d,1999-08-17 01:31:57.420,40.7,29.061,10.0,4.2,,,271,0,,earthquake,"8 km NW of Ç?narc?k, Turkey"
,p0009d5c,1999-08-17 01:07:52.060,40.7,30.018,10.0,4.6,,,326,0,,earthquake,"3 km SE of Kullar, Turkey"
,p0009d5b,1999-08-17 00:57:42.390,40.711,29.801,10.0,4.1,,,259,0,,earthquake,"1 km WSW of Gölcük, Turkey"
,p0009d5a,1999-08-17 00:47:00.320,40.696,30.547,10.0,4.0,,,246,0,,earthquake,"6 km N of Karapürçek, Turkey"
,p0009d59,1999-08-17 00:44:21.430,40.654,30.646,10.0,4.4,,,298,0,,earthquake,"3 km SSE of Akyaz?, Turkey"
,p0009d58,1999-08-17 00:34:48.120,40.722,29.947,10.0,4.1,,,259,0,,earthquake,Western Turkey
,p0009d54,1999-08-17 00:21:05.490,40.653,30.435,10.0,4.6,,,326,0,,earthquake,"8 km W of Karapürçek, Turkey"
,p0009d53,1999-08-17 00:16:26.150,40.741,29.97,10.0,5.0,,,385,0,,earthquake,"2 km NW of Kullar, Turkey"
,p0009d52,1999-08-17 00:15:17.720,40.648,30.751,10.0,4.9,,,369,0,,earthquake,"11 km ESE of Akyaz?, Turkey"
,p0009d4z,1999-08-17 00:01:39.130,40.748,29.864,17.0,7.6,,,889,0,,earthquake,"4 km ESE of Derince, Turkey"
,p0009ch4,1999-08-02 16:58:37.200,36.52,29.17,16.0,4.3,,,284,0,,earthquake,"5 km SSE of Ölüdeniz, Turkey"
,p0009c55,1999-07-26 20:14:32.470,36.649,27.175,156.4,4.4,,,298,0,,earthquake,"5 km NE of Mandráki, Greece"
,p0009c33,1999-07-25 06:56:53.020,39.309,28.003,10.0,5.2,,,416,0,,earthquake,"14 km SW of Bigadiç, Turkey"
,p0009c2q,1999-07-24 22:31:05.200,39.41,27.93,5.0,4.1,,,259,0,,earthquake,"17 km W of Bigadiç, Turkey"
,p0009c26,1999-07-24 17:55:46.950,39.327,27.855,9.6,4.0,,,246,0,,earthquake,"18 km ESE of Sava?tepe, Turkey"
,p0009c21,1999-07-24 16:05:48.450,39.295,27.886,11.0,4.6,,,326,0,,earthquake,"22 km ESE of Sava?tepe, Turkey"
,p0009c0v,1999-07-24 00:01:56.200,35.14,26.7,18.0,4.0,,,246,0,,earthquake,"36 km SSW of Fry, Greece"
,p0009bvq,1999-07-20 04:22:38.360,39.914,41.342,10.0,4.5,,,312,0,,earthquake,"5 km E of Erzurum, Turkey"
,p0009b7m,1999-07-07 13:32:33.200,35.41,25.91,5.0,4.0,,,246,0,,earthquake,"23 km NE of Eloúnda, Greece"
,p0009az1,1999-07-03 00:39:25.800,40.667,33.051,10.0,4.0,,,246,0,,earthquake,"6 km NW of Orta, Turkey"
,p0009are,1999-06-29 00:54:38.410,37.737,30.878,8.5,4.2,,,271,0,,earthquake,"7 km ESE of Anamas, Turkey"
,p0009ap8,1999-06-28 00:16:50.180,38.214,26.572,5.0,4.0,,,246,0,,earthquake,"18 km ESE of Alaçat?, Turkey"
,p0009a30,1999-06-18 02:20:39.860,36.077,44.498,33.0,4.4,,,298,0,,earthquake,"11 km W of Koysinceq, Iraq"
,p0009a13,1999-06-17 04:24:11.400,38.552,28.487,10.0,4.0,,,246,0,,earthquake,"14 km W of Kula, Turkey"
,p00099zh,1999-06-16 14:50:56.730,40.937,33.88,10.0,4.2,,,271,0,,earthquake,"16 km WSW of Tosya, Turkey"
,p00099th,1999-06-13 17:26:34.260,36.189,27.203,33.0,4.2,,,271,0,,earthquake,"47 km S of Mandráki, Greece"
,p00099rs,1999-06-12 17:50:36.400,36.51,25.34,5.0,4.0,,,246,0,,earthquake,"6 km NNW of Oía, Greece"
,p00099rq,1999-06-12 17:20:37.000,36.55,25.5,12.0,4.3,,,284,0,,earthquake,"14 km NE of Oía, Greece"
,p00099p4,1999-06-11 05:44:13.240,39.492,36.788,10.0,4.3,,,284,0,,earthquake,"22 km WNW of Ula?, Turkey"
,p00099p1,1999-06-11 05:26:01.410,39.422,36.567,10.0,4.6,,,326,0,,earthquake,"15 km ENE of ?ark??la, Turkey"
,p00099p0,1999-06-11 05:25:18.630,39.51,36.762,19.9,4.7,,,340,0,,earthquake,"24 km WNW of Ula?, Turkey"
,p00099nn,1999-06-10 23:25:21.400,37.282,35.885,12.0,4.4,,,298,0,,earthquake,"20 km SSE of Kozan, Turkey"
,p0009997,1999-06-04 10:30:37.350,36.69,31.688,33.0,4.0,,,246,0,,earthquake,"4 km NNW of Okurcalar, Turkey"
,p000992g,1999-05-31 08:35:03.810,40.534,42.494,10.0,4.2,,,271,0,,earthquake,"13 km E of ?enkaya, Turkey"
,p00098td,1999-05-26 12:43:05.560,35.79,28.488,68.0,4.5,,,312,0,,earthquake,"54 km SE of Lárdos, Greece"
,p00098hn,1999-05-22 14:19:22.200,42.596,42.89,38.1,4.4,,,298,0,,earthquake,"23 km WNW of Ambrolauri, Georgia"
,p000h59e,2009-12-23 04:44:39.300,37.65,26.54,32.0,4.5,,,312,0,36.9,earthquake,"15 km WSW of Marathókampos, Greece"
,p000h58s,2009-12-22 06:06:23.430,35.72,31.511,63.5,5.3,,43.0,449,0,41.6,earthquake,"94 km SW of Gazipa?a, Turkey"
,p000h565,2009-12-19 06:26:00.900,36.1,27.18,91.0,4.5,,,312,0,49.7,earthquake,"56 km S of Mandráki, Greece"
,p000h4zk,2009-12-12 15:23:16.600,36.53,28.59,57.0,4.7,,,340,0,41.9,earthquake,"22 km SSW of Sarigerme, Turkey"
,p000h4r1,2009-12-04 17:19:47.290,37.401,29.658,10.0,4.7,,,340,0,33.0,earthquake,"14 km NW of Tefenni, Turkey"
,p000h4qu,2009-12-04 06:02:19.000,37.915,28.726,5.0,4.9,,11.0,375,0,35.9,earthquake,"5 km SSW of Buharkent, Turkey"
,p000h4n7,2009-12-01 17:54:03.160,36.192,26.843,132.3,4.3,,,284,0,99.6,earthquake,"53 km SSW of Mandráki, Greece"
,p000h4dp,2009-11-25 10:53:43.640,37.87,28.955,10.0,4.6,,,326,0,85.0,earthquake,"6 km SSE of Sarayköy, Turkey"
,p000h4c9,2009-11-24 02:00:01.540,35.975,30.033,15.6,4.5,,,312,0,50.8,earthquake,"30 km S of Demre, Turkey"
,p000h4a1,2009-11-22 02:01:47.000,41.347,33.555,5.0,4.5,,,312,0,53.7,earthquake,"15 km N of ?hsangazi, Turkey"
,p000h43p,2009-11-16 11:31:17.160,35.132,27.85,10.0,4.5,,,312,0,52.3,earthquake,"71 km SE of Karpathos, Greece"
,p000h3yt,2009-11-11 15:50:06.900,35.565,27.302,8.2,4.3,,,284,0,102.2,earthquake,"10 km NE of Karpathos, Greece"
,p000h3tw,2009-11-07 03:13:41.000,36.064,31.833,83.0,4.5,,,312,0,53.1,earthquake,"49 km WSW of Gazipa?a, Turkey"
,p000h1sp,2009-09-22 22:11:30.380,36.653,30.824,25.4,4.3,,,284,0,50.3,earthquake,"24 km ENE of Kemer, Turkey"
,p000h1ff,2009-09-12 09:41:21.260,42.683,43.431,10.0,4.6,,,326,0,54.6,earthquake,"11 km N of Oni, Georgia"
,p000h1f0,2009-09-12 00:50:38.490,37.515,27.075,2.2,4.3,,,284,0,38.0,earthquake,"11 km NE of Megálo Chorió, Greece"
,p000h1dp,2009-09-11 01:58:30.000,37.936,32.438,5.4,4.9,,7.0,373,0,39.7,earthquake,"8 km NNW of Konya, Turkey"
,p000h1da,2009-09-10 18:29:52.860,37.953,32.483,5.0,4.9,,,369,0,57.7,earthquake,"9 km N of Konya, Turkey"
,p000h1ca,2009-09-09 08:36:16.860,42.538,43.567,9.1,4.6,,,326,0,84.4,earthquake,"11 km ESE of Oni, Georgia"
,p000h1c3,2009-09-09 05:56:46.930,35.844,29.928,10.0,4.3,,,284,0,155.3,earthquake,"44 km S of Demre, Turkey"
,p000h1bq,2009-09-08 17:50:49.160,42.662,43.414,12.1,4.7,,,340,0,66.5,earthquake,"9 km NNW of Oni, Georgia"
,p000h1av,2009-09-07 23:21:03.390,42.704,43.42,10.0,4.5,,,312,0,85.1,earthquake,"13 km N of Oni, Georgia"
,p000h1as,2009-09-07 22:49:29.450,42.62,43.487,10.0,4.8,,34.0,375,0,55.6,earthquake,Russia-Georgia border region
,p000h1ar,2009-09-07 22:41:37.360,42.66,43.443,15.0,6.0,,124.0,636,0,32.0,earthquake,"8 km N of Oni, Georgia"
,p000h0wb,2009-08-26 14:26:38.230,35.348,28.568,41.7,4.5,,,312,0,99.7,earthquake,"96 km SSE of Lárdos, Greece"
,p000h03t,2009-08-08 13:52:38.310,40.322,27.367,6.7,4.3,,7.0,287,0,40.2,earthquake,"14 km NE of Biga, Turkey"
,p000gztb,2009-07-30 07:37:51.720,39.588,39.726,10.0,5.0,,12.0,390,0,52.7,earthquake,"13 km S of Cimin, Turkey"
,p000gzru,2009-07-28 17:38:51.730,36.141,29.715,34.9,4.5,,,312,0,41.0,earthquake,"9 km SE of Ka?, Turkey"
,p000gzju,2009-07-24 05:48:19.000,37.546,35.694,6.5,4.5,,,312,0,55.6,earthquake,"14 km NW of Kozan, Turkey"
,p000gze0,2009-07-18 20:32:29.990,35.888,43.353,25.8,5.1,,189.0,506,0,44.6,earthquake,"42 km S of Al-Hamdaniya, Iraq"
,p000gz89,2009-07-15 02:45:56.610,35.388,28.508,33.6,4.4,,,298,0,58.0,earthquake,"90 km SSE of Lárdos, Greece"
,p000gz0m,2009-07-07 15:57:01.490,38.236,38.765,5.0,4.3,,,284,0,70.8,earthquake,"24 km WSW of Do?anyol, Turkey"
,p000gyn6,2009-06-26 22:14:53.500,36.544,25.523,4.1,4.7,,15.0,347,0,33.4,earthquake,"15 km NE of Oía, Greece"
,p000gyn4,2009-06-26 20:37:38.100,36.531,25.434,9.7,4.9,,23.0,380,0,45.5,earthquake,"9 km NE of Oía, Greece"
,p000gyh9,2009-06-23 04:49:21.000,35.969,30.047,12.3,4.5,,,312,0,90.2,earthquake,"31 km S of Demre, Turkey"
,p000gydg,2009-06-20 08:28:19.000,37.68,26.86,12.0,5.1,,,400,0,35.1,earthquake,"4 km SW of Chóra, Greece"
,p000gycm,2009-06-19 14:33:37.440,35.385,28.54,41.9,4.5,,,312,0,51.1,earthquake,"91 km SSE of Lárdos, Greece"
,p000gych,2009-06-19 14:04:59.030,35.358,28.453,28.0,5.8,,42.0,537,0,41.7,earthquake,"90 km SSE of Lárdos, Greece"
,p000gybc,2009-06-18 14:03:28.460,35.389,28.507,30.0,4.7,,,340,0,51.0,earthquake,"89 km SSE of Lárdos, Greece"
,p000gyb3,2009-06-18 06:31:08.340,35.317,28.47,35.0,4.3,,,284,0,51.1,earthquake,"95 km SSE of Lárdos, Greece"
,p000gyaw,2009-06-18 04:26:14.700,35.377,28.413,39.5,5.0,,,385,0,41.6,earthquake,"87 km SSE of Lárdos, Greece"
,p000gy9p,2009-06-17 04:29:12.000,36.047,36.02,10.4,5.0,,,385,0,79.2,earthquake,"9 km SW of Büyükçat, Turkey"
,p000gy0k,2009-06-09 05:26:56.000,35.96,29.083,16.2,4.7,,,340,0,50.5,earthquake,"45 km SW of Kalkan, Turkey"
,70006s5q,2019-12-29 11:20:09.198,40.3089,42.0871,10.0,4.5,,2.0,312,0,72.0,earthquake,"19 km ESE of Narman, Turkey"
,70006rsh,2019-12-28 01:48:38.042,35.6228,32.1162,66.69,4.2,,,271,0,112.0,earthquake,"70 km NNW of Argáka, Cyprus"
,70006rg4,2019-12-27 07:02:27.680,38.2975,39.0277,10.0,4.9,,1.0,370,0,68.0,earthquake,"1 km SSW of Do?anyol, Turkey"
,70006pzw,2019-12-22 23:58:05.890,39.4678,40.1442,10.0,4.3,,,284,0,30.0,earthquake,eastern Turkey
,60006pxs,2019-12-10 21:58:28.855,35.4972,26.4467,57.87,5.4,green,11.0,454,0,22.0,earthquake,"37 km NNE of Palekastro, Greece"
,60006pvi,2019-12-10 20:24:05.719,39.4638,27.9914,10.0,4.2,,2.0,272,0,36.0,earthquake,"14 km WNW of Bigadiç, Turkey"
,60006pvc,2019-12-10 20:14:03.159,39.4549,27.8947,10.0,4.6,,11.0,330,0,23.0,earthquake,"21 km WNW of Bigadiç, Turkey"
,60006pmp,2019-12-10 00:55:31.264,35.3215,28.5522,39.7,4.1,,,259,0,101.0,earthquake,"98 km SSE of Lárdos, Greece"
,70006fht,2019-12-03 09:46:00.260,35.2797,27.1515,10.0,4.5,,1.0,312,0,65.0,earthquake,"25 km SE of Fry, Greece"
,70006cg8,2019-11-24 13:33:23.519,37.6256,35.8158,12.36,4.5,,,312,0,80.0,earthquake,"18 km N of Kozan, Turkey"
,700069pz,2019-11-19 00:14:13.557,38.5443,44.4021,10.0,4.7,,,340,0,32.0,earthquake,"38 km ESE of Özalp, Turkey"
,700069pw,2019-11-19 00:12:01.065,38.7317,44.4347,10.0,4.0,,,246,0,80.0,earthquake,"39 km ENE of Özalp, Turkey"
,700068vy,2019-11-16 18:14:10.539,36.7483,30.0363,68.7,4.3,,1.0,285,0,76.0,earthquake,"10 km E of Elmal?, Turkey"
,60006ap4,2019-11-03 16:13:06.792,36.2772,28.7529,10.0,4.2,,,271,0,50.0,earthquake,"47 km SW of Ölüdeniz, Turkey"
,700062gu,2019-11-03 04:18:33.889,36.3395,28.754,10.0,4.2,,,271,0,94.0,earthquake,"41 km S of Sarigerme, Turkey"
,700061xu,2019-11-01 10:17:04.544,36.5015,31.4629,89.46,4.1,,2.0,259,0,92.0,earthquake,"26 km SSW of K?z?la?aç, Turkey"
,600064e2,2019-10-29 13:01:52.372,35.6369,25.1435,68.89,4.5,,2.0,312,0,57.0,earthquake,"33 km N of Néa Alikarnassós, Greece"
,600062ps,2019-10-24 21:06:47.506,36.4616,28.674,10.0,4.6,,47.0,346,0,124.0,earthquake,"28 km S of Sarigerme, Turkey"
,70005wnt,2019-10-21 10:30:43.741,35.2539,29.5056,38.02,4.1,,,259,0,97.0,earthquake,"105 km S of Ka?, Turkey"
,70005uby,2019-10-15 14:57:27.795,41.9918,42.9253,10.0,4.4,,,298,0,52.0,earthquake,"15 km SW of Zest’aponi, Georgia"
,70005t9m,2019-10-10 23:55:59.274,39.4309,25.6788,10.0,4.2,,2.0,272,0,33.0,earthquake,Aegean Sea
,70005t3c,2019-10-10 16:52:03.151,40.7283,29.2125,10.0,4.3,,8.0,288,0,55.0,earthquake,"9 km NNE of Koruköy, Turkey"
,70005r33,2019-10-05 14:51:37.881,35.9894,27.978,76.05,5.0,,17.0,390,0,131.0,earthquake,"12 km SSW of Lárdos, Greece"
,70005q4l,2019-10-03 04:44:56.550,36.2765,28.5721,17.77,5.1,,236.0,502,0,41.0,earthquake,"34 km ESE of Faliraki, Greece"
,70005nf2,2019-09-29 07:50:47.930,35.2376,27.8704,10.0,4.4,,,298,0,141.0,earthquake,"66 km ESE of Karpathos, Greece"
,70005lyy,2019-09-26 20:20:18.595,40.8151,28.1964,10.0,4.3,,26.0,297,0,46.0,earthquake,"26 km SE of Marmara Ere?lisi, Turkey"
,70005s19,2019-09-26 20:02:41.002,40.849,28.1699,10.0,4.5,,1.0,312,0,73.0,earthquake,"22 km SE of Marmara Ere?lisi, Turkey"
,70005ll1,2019-09-26 11:26:37.619,40.8568,28.1814,10.0,4.4,,24.0,308,0,56.0,earthquake,"22 km ESE of Marmara Ere?lisi, Turkey"
,70005lkl,2019-09-26 10:59:25.648,40.9035,28.1502,8.0,5.7,green,589.0,936,0,19.0,earthquake,"17 km ESE of Marmara Ere?lisi, Turkey"
,60005mmr,2019-09-24 08:00:24.160,40.8578,28.1454,10.0,4.9,,55.0,396,0,39.0,earthquake,"20 km SE of Marmara Ere?lisi, Turkey"
,60005m47,2019-09-23 07:09:03.721,35.9527,27.3003,16.52,4.3,,,284,0,49.0,earthquake,"50 km N of Karpathos, Greece"
,70005gft,2019-09-14 19:03:34.374,40.7229,32.9884,10.0,4.3,,,284,0,41.0,earthquake,"12 km SW of Atkaracalar, Turkey"
,70005gdv,2019-09-14 15:33:44.698,38.9987,44.2673,10.0,4.4,,,298,0,71.0,earthquake,"45 km NNE of Özalp, Turkey"
,70005gby,2019-09-14 11:46:01.284,40.7027,33.0176,10.0,4.3,,1.0,285,0,38.0,earthquake,"11 km NW of Orta, Turkey"
,70005g9r,2019-09-14 06:03:13.477,40.6861,33.0299,10.0,4.7,,18.0,347,0,39.0,earthquake,"9 km NW of Orta, Turkey"
,70005g9p,2019-09-14 06:00:31.717,40.7179,32.9834,10.0,4.4,,2.0,298,0,37.0,earthquake,"12 km SE of Çerke?, Turkey"
,70005e8a,2019-09-10 16:22:47.212,41.0373,44.1411,6.71,4.7,,26.0,351,0,42.0,earthquake,"15 km SW of Tashir, Armenia"
,70005e0c,2019-09-10 07:06:46.428,35.1093,27.8166,19.33,4.3,,,284,0,104.0,earthquake,"70 km SE of Karpathos, Greece"
,70005htt,2019-09-09 09:56:03.433,38.506,44.1024,10.0,4.1,,,259,0,73.0,earthquake,"19 km SSE of Özalp, Turkey"
,70005cpr,2019-09-06 08:59:54.815,35.8397,31.734,59.39,4.2,,1.0,272,0,111.0,earthquake,"71 km SW of Gazipa?a, Turkey"
,70005bq9,2019-09-04 01:01:32.884,35.1737,27.8965,14.36,4.6,,,326,0,49.0,earthquake,"72 km ESE of Karpathos, Greece"
,70005b6p,2019-09-02 15:46:36.470,39.254,40.1372,10.0,4.3,,,284,0,51.0,earthquake,"6 km ENE of Yayladere, Turkey"
,70005b4k,2019-09-02 06:13:18.046,36.355,28.7878,10.0,4.6,,,326,0,99.0,earthquake,"39 km SW of Ölüdeniz, Turkey"
,70005abi,2019-08-30 17:21:04.367,37.5207,26.8245,6.15,4.5,,13.0,319,0,29.0,earthquake,"14 km WNW of Megálo Chorió, Greece"
,70005a9c,2019-08-30 15:38:14.496,37.4855,26.8329,10.0,4.6,,,326,0,36.0,earthquake,"12 km WNW of Megálo Chorió, Greece"
,7000595w,2019-08-28 15:31:46.798,35.6955,27.7097,17.79,4.2,,,271,0,100.0,earthquake,"49 km ENE of Karpathos, Greece"
,7000595p,2019-08-28 15:08:49.664,35.6803,27.721,12.81,4.0,,,246,0,100.0,earthquake,"49 km ENE of Karpathos, Greece"
,7000594r,2019-08-28 11:58:18.490,35.6836,27.636,10.0,4.9,,31.0,381,0,42.0,earthquake,"43 km ENE of Karpathos, Greece"
,700058n0,2019-08-27 04:31:21.505,35.6238,27.6984,10.0,4.4,,,298,0,47.0,earthquake,"45 km ENE of Karpathos, Greece"
,600057cy,2019-08-20 09:34:54.966,36.2128,31.1457,59.39,4.4,,1.0,298,0,107.0,earthquake,"64 km ESE of Tekirova, Turkey"
,7000pp8h,2025-04-01 13:52:36.778,36.0275,30.3677,49.869,4.2,,,271,0,51.0,earthquake,"33 km S of Beykonak, Turkey"
,7000pnxr,2025-03-30 22:36:33.784,36.8049,31.8096,9.579,4.3,,10.0,290,0,140.0,earthquake,"16 km W of Gündoğmuş, Turkey"
,7000pn53,2025-03-27 17:51:48.599,36.5335,25.5341,10.0,4.5,,,312,0,33.0,earthquake,"15 km NE of Firá, Greece"
,6000q3zb,2025-03-27 01:15:45.476,36.4836,25.6665,10.0,4.0,,,246,0,106.0,earthquake,"21 km ENE of Mesariá, Greece"
,7000plhm,2025-03-21 03:47:32.868,36.6721,25.6984,10.0,4.3,,,284,0,85.0,earthquake,"25 km SW of Amorgós, Greece"
,7000ple2,2025-03-20 18:33:50.517,39.511,40.6149,10.0,4.2,,,271,0,76.0,earthquake,"11 km NE of Yedisu, Turkey"
,7000pmsu,2025-03-17 13:38:35.366,35.2729,27.186,58.942,4.2,,,271,0,154.0,earthquake,"26 km S of Karpathos, Greece"
,6000pz6e,2025-03-16 15:07:46.291,36.6849,25.7902,10.0,4.3,,,284,0,87.0,earthquake,"18 km SSW of Amorgós, Greece"
,6000pysn,2025-03-14 11:44:34.478,39.0287,32.9618,10.0,4.3,,,284,0,48.0,earthquake,"12 km SW of Kulu, Turkey"
,6000py6h,2025-03-11 18:03:21.423,37.2735,44.0302,10.0,4.6,,6.0,329,0,37.0,earthquake,"37 km E of Çukurca, Turkey"
,6000py36,2025-03-11 06:17:46.543,36.4318,26.7237,145.457,4.1,,,259,0,101.0,earthquake,"35 km ESE of Astypálaia, Greece"
,6000pxvi,2025-03-10 00:29:45.372,36.3688,28.7888,15.721,4.0,,0.0,246,0,127.0,earthquake,"38 km SW of Ölüdeniz, Turkey"
,6000pxla,2025-03-08 05:26:59.862,40.8235,44.2127,12.334,4.4,,13.0,306,0,78.0,earthquake,"4 km NNE of Jrashen, Armenia"
,6000pyl7,2025-03-04 05:57:53.588,35.489,26.1993,10.0,4.1,,,259,0,88.0,earthquake,"32 km NNE of Sitia, Greece"
,6000pxa5,2025-02-26 22:12:46.940,36.5575,25.5829,11.684,4.0,,,246,0,105.0,earthquake,"20 km NE of Firá, Greece"
,6000px9y,2025-02-26 12:04:35.834,36.5639,25.7589,10.0,4.3,,,284,0,106.0,earthquake,"32 km SSW of Amorgós, Greece"
,6000pv7z,2025-02-24 21:46:00.225,35.9483,27.5891,10.0,4.4,,,298,0,51.0,earthquake,"39 km SW of Émponas, Greece"
,7000pfs8,2025-02-24 11:33:07.055,36.6253,25.6112,10.0,4.5,,1.0,312,0,51.0,earthquake,"27 km NE of Oía, Greece"
,7000pf7u,2025-02-21 12:27:38.055,39.2529,41.6996,9.04,4.5,,,312,0,34.0,earthquake,"11 km S of Hınıs, Turkey"
,7000pepv,2025-02-19 09:41:09.121,36.5825,25.6204,10.0,4.3,,,284,0,60.0,earthquake,"24 km NE of Firá, Greece"
,7000penp,2025-02-19 04:13:15.455,36.6463,25.6261,10.0,4.1,,,259,0,102.0,earthquake,"30 km NE of Oía, Greece"
,6000pvup,2025-02-19 01:06:56.343,36.5772,25.5486,10.0,4.0,,,246,0,100.0,earthquake,"19 km NE of Oía, Greece"
,7000pefy,2025-02-18 06:08:09.367,36.6394,25.6214,9.631,4.8,,,354,0,26.0,earthquake,"29 km NE of Oía, Greece"
,7000pefq,2025-02-18 04:46:52.092,36.6544,25.8261,10.0,5.0,,1.0,385,0,26.0,earthquake,"20 km SSW of Amorgós, Greece"
,7000pefh,2025-02-18 03:09:51.928,36.6544,25.7331,10.0,4.0,,,246,0,78.0,earthquake,"24 km SW of Amorgós, Greece"
,7000peff,2025-02-18 02:54:08.231,36.6713,25.7378,10.0,4.6,,,326,0,33.0,earthquake,"22 km SW of Amorgós, Greece"
,7000pe91,2025-02-17 15:49:03.802,36.6121,25.8192,10.0,4.3,,,284,0,79.0,earthquake,"25 km SSW of Amorgós, Greece"
,7000pe8y,2025-02-17 15:41:23.899,38.2576,38.7755,10.0,4.3,,,284,0,68.0,earthquake,"23 km WSW of Doğanyol, Turkey"
,6000pvei,2025-02-17 15:12:11.233,36.5802,25.8658,10.0,4.0,,,246,0,82.0,earthquake,"28 km S of Amorgós, Greece"
,7000pe8q,2025-02-17 14:05:39.741,36.5204,25.6125,10.0,4.3,,,284,0,51.0,earthquake,"19 km NE of Firá, Greece"
,7000pe7k,2025-02-17 07:49:50.321,36.6724,25.5788,10.0,5.0,,,385,0,38.0,earthquake,"27 km ESE of Íos, Greece"
,7000pe7i,2025-02-17 07:46:23.311,36.6106,25.6049,10.0,4.5,,,312,0,58.0,earthquake,"26 km NE of Firá, Greece"
,7000pe5s,2025-02-16 23:08:57.542,36.6485,25.5943,10.0,4.4,,,298,0,58.0,earthquake,"28 km NE of Oía, Greece"
,7000pe5c,2025-02-16 20:55:58.602,36.5817,25.7209,10.0,4.1,,,259,0,85.0,earthquake,"31 km NE of Firá, Greece"
,6000pv62,2025-02-16 12:25:53.656,36.6074,25.6141,10.0,4.2,,,271,0,101.0,earthquake,"26 km NE of Firá, Greece"
,6000pv5u,2025-02-16 08:23:02.337,36.6283,25.7354,10.0,4.0,,,246,0,105.0,earthquake,"26 km SSW of Amorgós, Greece"
,7000pe1d,2025-02-16 00:18:45.026,36.4405,25.5724,10.0,4.0,,,246,0,77.0,earthquake,"12 km ENE of Mesariá, Greece"
,7000pe15,2025-02-15 23:24:49.649,39.3636,40.7291,20.99,4.7,,1.0,340,0,49.0,earthquake,"18 km ESE of Yedisu, Turkey"
,7000pf9w,2025-02-15 03:37:41.794,36.5893,25.609,10.0,4.2,,,271,0,75.0,earthquake,"24 km NE of Firá, Greece"
,7000pf9i,2025-02-14 22:45:18.356,36.5964,25.7512,10.0,4.3,,,284,0,107.0,earthquake,"29 km SSW of Amorgós, Greece"
,7000pdu1,2025-02-14 20:18:55.569,36.6228,25.7346,10.605,4.2,,,271,0,58.0,earthquake,"27 km SSW of Amorgós, Greece"
,7000pdp7,2025-02-14 14:57:38.471,36.5558,25.6101,10.0,4.2,,,271,0,76.0,earthquake,"21 km NE of Firá, Greece"
,7000pde0,2025-02-13 15:42:21.638,36.5453,25.5581,10.0,4.5,,,312,0,82.0,earthquake,"17 km NE of Firá, Greece"
,7000pddy,2025-02-13 15:40:08.198,36.7109,25.5546,10.0,4.4,,,298,0,71.0,earthquake,"24 km E of Íos, Greece"
,7000pd9b,2025-02-12 23:03:31.125,36.6147,25.641,10.228,4.3,,,284,0,83.0,earthquake,"28 km NE of Firá, Greece"
,7000pd9a,2025-02-12 23:02:38.088,36.6771,25.5812,10.0,4.4,,,298,0,58.0,earthquake,"27 km E of Íos, Greece"
,7000pd8n,2025-02-12 21:05:06.046,36.6178,25.6317,10.0,4.2,,,271,0,82.0,earthquake,"28 km NE of Firá, Greece"
,7000pd7j,2025-02-12 18:34:24.293,36.5507,25.5226,10.0,4.6,,1.0,326,0,58.0,earthquake,"16 km NE of Oía, Greece"
,7000pd4h,2025-02-12 16:44:25.397,36.5742,25.6474,10.0,4.3,,,284,0,84.0,earthquake,"25 km NE of Firá, Greece"
,7000pd35,2025-02-12 10:02:10.872,36.464,25.6207,10.0,4.3,,,284,0,85.0,earthquake,"17 km ENE of Mesariá, Greece"
,7000pezy,2025-02-12 09:26:46.938,36.5496,25.6117,10.0,4.3,,,284,0,106.0,earthquake,"21 km NE of Firá, Greece"
,7000pf0h,2025-02-12 09:22:18.859,36.4465,25.6748,10.0,4.5,,,312,0,113.0,earthquake,"21 km ENE of Mesariá, Greece"
,7000pd31,2025-02-12 09:20:41.712,36.4127,25.5886,10.0,4.7,,,340,0,59.0,earthquake,"12 km E of Mesariá, Greece"
,7000pf0g,2025-02-12 09:16:10.611,36.6173,25.6666,10.0,4.4,,,298,0,103.0,earthquake,"30 km NE of Firá, Greece"
,7000pd30,2025-02-12 09:15:06.702,36.5864,25.5445,10.0,4.8,,,354,0,77.0,earthquake,"20 km NE of Oía, Greece"
,7000pezx,2025-02-12 09:12:18.116,36.5069,25.6374,10.0,4.0,,,246,0,87.0,earthquake,"20 km NE of Mesariá, Greece"
,7000pezu,2025-02-12 09:02:15.083,36.4384,25.5612,10.0,4.2,,,271,0,68.0,earthquake,"11 km ENE of Mesariá, Greece"
,7000pd2y,2025-02-12 08:58:44.704,36.473,25.5068,10.0,4.4,,,298,0,75.0,earthquake,"8 km NE of Firá, Greece"
,7000pd2x,2025-02-12 08:56:00.433,36.5261,25.5091,10.0,4.2,,,271,0,104.0,earthquake,"13 km NNE of Firá, Greece"
,7000pezr,2025-02-12 08:52:36.418,36.547,25.6433,10.0,4.0,,,246,0,107.0,earthquake,"23 km NE of Firá, Greece"
,7000pf11,2025-02-12 08:43:55.217,36.5313,25.6112,10.0,4.2,,,271,0,103.0,earthquake,"20 km NE of Firá, Greece"
,7000pezs,2025-02-12 08:37:47.010,36.4496,25.4082,10.0,4.4,,,298,0,104.0,earthquake,"3 km ESE of Oía, Greece"
,7000pd2t,2025-02-12 08:29:50.855,36.5749,25.5832,10.0,4.8,,,354,0,51.0,earthquake,"21 km NE of Firá, Greece"
,7000pd26,2025-02-12 04:21:03.100,36.5782,25.6531,10.0,4.4,,,298,0,78.0,earthquake,"26 km NE of Firá, Greece"
,7000pd1v,2025-02-12 02:23:11.283,36.5396,25.669,10.0,4.3,,1.0,285,0,85.0,earthquake,"25 km ENE of Firá, Greece"
,7000pezc,2025-02-12 02:18:24.970,36.5414,25.5818,10.0,4.1,,,259,0,75.0,earthquake,"19 km NE of Firá, Greece"
,7000pd1u,2025-02-12 02:14:20.277,36.507,25.5971,10.0,4.5,,,312,0,58.0,earthquake,"17 km ENE of Firá, Greece"
,7000pd1t,2025-02-12 02:06:56.273,36.4993,25.6292,10.0,4.1,,,259,0,105.0,earthquake,"19 km NE of Mesariá, Greece"
,7000peza,2025-02-12 02:03:37.039,36.5119,25.6464,10.0,4.0,,,246,0,78.0,earthquake,"21 km NE of Mesariá, Greece"
,7000pd1n,2025-02-12 01:35:07.823,36.4985,25.6196,10.0,4.3,,,284,0,87.0,earthquake,"18 km NE of Mesariá, Greece"
,7000pd1i,2025-02-12 01:14:54.298,36.5549,25.5084,10.0,5.1,,,400,0,58.0,earthquake,"15 km NE of Oía, Greece"
,7000pd1f,2025-02-12 01:12:41.030,36.6499,25.7276,10.0,4.2,,,271,0,57.0,earthquake,"25 km SW of Amorgós, Greece"
,7000pete,2025-02-11 21:14:58.597,36.5624,25.6006,10.0,4.0,,,246,0,105.0,earthquake,"21 km NE of Firá, Greece"
,7000pd03,2025-02-11 20:53:26.097,36.7278,25.7129,10.0,4.2,,,271,0,82.0,earthquake,"20 km SW of Amorgós, Greece"
,7000pcwn,2025-02-11 17:40:19.117,36.6234,25.7885,10.0,4.5,,,312,0,58.0,earthquake,"25 km SSW of Amorgós, Greece"
,7000pcvx,2025-02-11 15:10:57.969,36.6081,25.7164,10.0,4.4,,,298,0,101.0,earthquake,"29 km SSW of Amorgós, Greece"
,7000pcvr,2025-02-11 14:19:50.052,36.7147,25.7426,10.0,4.6,,,326,0,33.0,earthquake,"19 km SW of Amorgós, Greece"
,7000pet2,2025-02-11 13:11:59.189,36.5542,25.7715,10.0,4.1,,,259,0,56.0,earthquake,"32 km SSW of Amorgós, Greece"
,7000pet0,2025-02-11 12:46:57.756,36.5085,25.7667,10.0,4.1,,,259,0,81.0,earthquake,"31 km ENE of Mesariá, Greece"
,7000pcvb,2025-02-11 12:34:12.671,36.6625,25.5171,11.023,4.4,,,298,0,78.0,earthquake,"22 km ESE of Íos, Greece"
,7000pesy,2025-02-11 12:13:54.470,36.5734,25.7615,10.0,4.3,,,284,0,61.0,earthquake,"31 km SSW of Amorgós, Greece"
,7000pesw,2025-02-11 11:57:59.801,36.764,25.6377,10.0,4.1,,,259,0,73.0,earthquake,"24 km WSW of Amorgós, Greece"
,7000pcv7,2025-02-11 11:43:54.212,36.6508,25.7853,10.0,4.9,,,369,0,47.0,earthquake,"22 km SSW of Amorgós, Greece"
,7000pcv5,2025-02-11 11:30:24.996,36.6336,25.7257,10.0,4.4,,,298,0,105.0,earthquake,"26 km SW of Amorgós, Greece"
,7000pesn,2025-02-11 08:51:13.410,36.6192,25.8185,10.0,4.0,,,246,0,80.0,earthquake,"24 km SSW of Amorgós, Greece"
,7000pesi,2025-02-11 08:11:25.390,36.8241,25.6559,10.0,4.0,,,246,0,95.0,earthquake,"21 km W of Amorgós, Greece"
,7000pcuc,2025-02-11 07:17:18.295,36.7266,25.6978,10.0,4.7,,,340,0,38.0,earthquake,"21 km WSW of Amorgós, Greece"
,7000pesr,2025-02-11 06:50:16.189,36.6768,25.7458,10.0,4.3,,,284,0,103.0,earthquake,"21 km SW of Amorgós, Greece"
,7000pcu8,2025-02-11 06:39:57.329,36.7071,25.7677,10.0,4.9,,1.0,370,0,58.0,earthquake,"18 km SW of Amorgós, Greece"
,7000pesf,2025-02-11 06:07:55.272,36.634,25.8096,10.0,4.2,,,271,0,107.0,earthquake,"23 km SSW of Amorgós, Greece"
,7000pesp,2025-02-11 06:00:29.610,36.8471,25.7796,10.0,4.5,,,312,0,74.0,earthquake,"10 km W of Amorgós, Greece"
,7000pcu0,2025-02-11 05:58:44.528,36.6691,25.809,10.0,4.7,,0.0,340,0,58.0,earthquake,"19 km SSW of Amorgós, Greece"
,7000pctx,2025-02-11 05:49:56.697,36.5151,25.853,10.0,4.1,,,259,0,81.0,earthquake,"35 km S of Amorgós, Greece"
,7000pctv,2025-02-11 05:43:46.654,36.5406,25.7885,10.0,4.2,,,271,0,81.0,earthquake,"33 km SSW of Amorgós, Greece"
,7000pctu,2025-02-11 05:36:10.899,36.5135,25.5561,10.0,4.2,,,271,0,106.0,earthquake,"15 km NE of Firá, Greece"
,7000pctn,2025-02-11 05:14:30.769,36.6032,25.7274,10.0,4.5,,,312,0,51.0,earthquake,"29 km SSW of Amorgós, Greece"
,7000pes8,2025-02-11 04:41:32.098,36.6436,25.7078,10.0,4.1,,,259,0,104.0,earthquake,"26 km SW of Amorgós, Greece"
,7000pctd,2025-02-11 03:47:31.750,36.6239,25.6691,10.0,4.2,,,271,0,58.0,earthquake,"30 km SW of Amorgós, Greece"
,7000pct8,2025-02-11 02:46:48.764,36.6847,25.7205,10.0,4.1,,,259,0,102.0,earthquake,"22 km SW of Amorgós, Greece"
,7000pes0,2025-02-11 01:38:21.628,36.6893,25.778,10.0,4.0,,,246,0,104.0,earthquake,"19 km SW of Amorgós, Greece"
,7000pekc,2025-02-10 23:41:50.534,36.6955,25.6436,10.0,4.3,,,284,0,100.0,earthquake,"27 km WSW of Amorgós, Greece"
,7000pcse,2025-02-10 22:51:04.418,36.6347,25.5962,10.0,4.2,,,271,0,102.0,earthquake,"27 km NE of Oía, Greece"
,7000pek7,2025-02-10 22:44:30.174,36.5571,25.6981,10.0,4.0,,,246,0,78.0,earthquake,"28 km ENE of Firá, Greece"
,7000pekb,2025-02-10 22:44:04.982,36.6897,25.5741,10.0,4.0,,,246,0,78.0,earthquake,"26 km E of Íos, Greece"
,7000pcs7,2025-02-10 22:37:24.642,36.6244,25.6258,10.0,5.1,,10.0,407,0,26.0,earthquake,"28 km NE of Firá, Greece"
,7000pcrr,2025-02-10 21:37:35.784,36.6744,25.8269,10.0,4.1,,1.0,259,0,105.0,earthquake,"18 km SSW of Amorgós, Greece"
,7000pcr3,2025-02-10 20:16:28.738,36.6898,25.6536,10.0,5.3,,21.0,446,0,19.0,earthquake,"26 km SW of Amorgós, Greece"
,7000pek1,2025-02-10 19:32:35.599,36.567,25.667,10.0,4.0,,,246,0,104.0,earthquake,"26 km NE of Firá, Greece"
,7000pejt,2025-02-10 14:23:27.674,36.6571,25.6125,10.0,4.1,,,259,0,101.0,earthquake,"30 km NE of Oía, Greece"
,7000pek0,2025-02-10 13:31:58.975,36.6511,25.7362,10.0,4.1,,,259,0,77.0,earthquake,"24 km SW of Amorgós, Greece"
,7000pcmw,2025-02-10 13:14:34.160,36.6109,25.6787,10.0,4.3,,,284,0,58.0,earthquake,"30 km NE of Firá, Greece"
,7000pcml,2025-02-10 11:43:55.229,36.5754,25.6104,10.0,4.3,,,284,0,89.0,earthquake,"23 km NE of Firá, Greece"
,7000pcmg,2025-02-10 11:23:18.086,36.7775,25.7162,10.0,4.8,,2.0,355,0,57.0,earthquake,"17 km WSW of Amorgós, Greece"
,7000pcm9,2025-02-10 10:27:32.636,36.5693,25.598,10.0,4.1,,,259,0,105.0,earthquake,"22 km NE of Firá, Greece"
,7000pcls,2025-02-10 08:20:25.345,36.5624,25.5508,9.269,4.4,,,298,0,58.0,earthquake,"19 km NE of Firá, Greece"
,7000pejq,2025-02-10 08:06:13.075,36.6868,25.3112,10.0,4.3,,,284,0,65.0,earthquake,"4 km SSE of Íos, Greece"
,7000pej8,2025-02-10 04:51:45.418,36.5116,25.7333,10.0,4.0,,,246,0,111.0,earthquake,"28 km ENE of Mesariá, Greece"
,7000pck7,2025-02-10 01:00:00.396,36.5993,25.571,10.0,4.1,,,259,0,81.0,earthquake,"23 km NE of Oía, Greece"
,7000pcj8,2025-02-09 20:35:41.847,36.6475,25.5604,10.0,4.3,,,284,0,82.0,earthquake,"26 km ESE of Íos, Greece"
,7000pcip,2025-02-09 19:31:39.888,36.5253,25.5595,10.0,4.4,,,298,0,88.0,earthquake,"16 km NE of Firá, Greece"
,7000pcin,2025-02-09 19:25:12.421,36.5848,25.598,10.0,4.3,,,284,0,58.0,earthquake,"23 km NE of Firá, Greece"
,7000pcil,2025-02-09 19:17:15.287,36.4741,25.5152,10.0,4.7,,,340,0,107.0,earthquake,"9 km NE of Firá, Greece"
,7000pcij,2025-02-09 19:16:42.880,36.5049,25.4898,10.0,4.6,,,326,0,80.0,earthquake,"10 km NNE of Firá, Greece"
,7000pear,2025-02-09 19:08:55.324,36.6915,25.5693,10.0,4.3,,,284,0,98.0,earthquake,"25 km E of Íos, Greece"
,7000pcih,2025-02-09 19:05:38.291,36.6626,25.6271,10.0,5.2,,14.0,426,0,38.0,earthquake,"30 km SW of Amorgós, Greece"
,7000pcid,2025-02-09 18:53:58.322,36.5231,25.5964,10.0,4.7,,,340,0,58.0,earthquake,"18 km NE of Firá, Greece"
,7000pea8,2025-02-09 18:53:30.810,36.5844,25.6274,10.0,4.3,,,284,0,36.0,earthquake,"25 km NE of Firá, Greece"
,7000pcib,2025-02-09 18:41:41.801,36.5698,25.599,10.0,4.3,,,284,0,64.0,earthquake,"22 km NE of Firá, Greece"
,7000pchq,2025-02-09 15:55:28.045,36.6314,25.5519,10.0,4.1,,,259,0,101.0,earthquake,"24 km NE of Oía, Greece"
,7000pchj,2025-02-09 15:16:30.091,36.5367,25.6531,10.0,4.5,,,312,0,65.0,earthquake,"23 km ENE of Firá, Greece"
,7000pch9,2025-02-09 12:32:32.188,36.5749,25.5557,10.0,4.2,,,271,0,101.0,earthquake,"20 km NE of Oía, Greece"
,7000pch7,2025-02-09 11:59:44.242,36.5755,25.7166,10.0,4.4,,,298,0,38.0,earthquake,"30 km ENE of Firá, Greece"
,7000pch5,2025-02-09 11:54:41.671,36.5874,25.6223,10.0,4.3,,,284,0,83.0,earthquake,"25 km NE of Firá, Greece"
,7000pcgl,2025-02-09 09:02:03.636,36.5403,25.6375,10.0,4.2,,,271,0,104.0,earthquake,"22 km NE of Firá, Greece"
,7000pcga,2025-02-09 08:06:31.410,36.5694,25.7208,10.0,4.2,,,271,0,108.0,earthquake,"30 km ENE of Firá, Greece"
,7000pcfe,2025-02-09 05:01:59.076,36.5913,25.6028,10.0,4.2,,,271,0,104.0,earthquake,"24 km NE of Firá, Greece"
,7000pcf7,2025-02-09 04:47:31.887,36.5476,25.7028,10.0,4.2,,,271,0,79.0,earthquake,"28 km ENE of Firá, Greece"
,7000pcei,2025-02-09 02:55:50.122,36.4657,25.5873,10.0,4.0,,,246,0,77.0,earthquake,"14 km ENE of Mesariá, Greece"
,7000pe9t,2025-02-09 02:51:50.320,36.4924,25.6485,10.0,4.1,,,259,0,78.0,earthquake,"20 km ENE of Mesariá, Greece"
,7000pe9l,2025-02-09 02:50:48.240,36.4816,25.5543,10.0,4.2,,,271,0,76.0,earthquake,"12 km ENE of Firá, Greece"
,7000pce5,2025-02-09 01:35:15.864,36.4503,25.4819,10.0,4.5,,1.0,312,0,74.0,earthquake,"5 km NE of Firá, Greece"
,7000pcch,2025-02-08 17:15:13.803,36.5732,25.6311,10.0,4.4,,,298,0,80.0,earthquake,"24 km NE of Firá, Greece"
,7000pccc,2025-02-08 16:51:46.954,36.599,25.702,10.0,4.1,,,259,0,85.0,earthquake,"31 km SW of Amorgós, Greece"
,7000pcc8,2025-02-08 16:29:58.782,36.7256,25.6167,10.0,4.3,,,284,0,80.0,earthquake,"27 km WSW of Amorgós, Greece"
,7000pcau,2025-02-08 09:24:03.220,36.5093,25.534,10.0,4.6,,1.0,326,0,82.0,earthquake,"13 km NE of Firá, Greece"
,7000pcaq,2025-02-08 09:15:48.633,36.3797,25.6053,10.0,4.2,,,271,0,87.0,earthquake,"14 km E of Mesariá, Greece"
,7000pcan,2025-02-08 09:10:06.299,36.5971,25.572,10.0,4.5,,,312,0,81.0,earthquake,"23 km NE of Oía, Greece"
,7000pdsc,2025-02-08 09:07:18.425,36.6223,25.594,10.0,4.0,,,246,0,102.0,earthquake,"26 km NE of Oía, Greece"
,7000pcah,2025-02-08 09:00:40.947,36.5839,25.614,10.0,4.9,,1.0,370,0,25.0,earthquake,"24 km NE of Firá, Greece"
,7000pcar,2025-02-08 08:56:14.719,36.5351,25.5283,10.0,4.3,,,284,0,81.0,earthquake,"15 km NE of Firá, Greece"
,7000pcac,2025-02-08 08:36:03.940,36.5766,25.606,10.0,4.8,,,354,0,58.0,earthquake,"23 km NE of Firá, Greece"
,7000pcaa,2025-02-08 08:28:13.656,36.5404,25.7897,10.0,4.2,,,271,0,108.0,earthquake,"33 km SSW of Amorgós, Greece"
,7000pca9,2025-02-08 08:16:39.021,36.5757,25.7169,10.0,4.4,,,298,0,105.0,earthquake,"30 km ENE of Firá, Greece"
,7000pds1,2025-02-08 03:36:04.280,36.5373,25.5777,10.0,4.3,,,284,0,82.0,earthquake,"18 km NE of Firá, Greece"
,7000pc8z,2025-02-08 03:11:23.649,36.5038,25.6604,10.0,4.4,,,298,0,78.0,earthquake,"22 km ENE of Mesariá, Greece"
,7000pc8w,2025-02-08 03:08:34.136,36.5678,25.7027,10.0,4.3,,,284,0,78.0,earthquake,"29 km ENE of Firá, Greece"
,7000pc8g,2025-02-08 01:52:03.571,36.5956,25.6859,10.0,4.6,,,326,0,51.0,earthquake,"29 km NE of Firá, Greece"
,7000pdr4,2025-02-07 15:17:27.693,36.7113,25.6427,10.0,4.6,,,326,0,77.0,earthquake,"26 km WSW of Amorgós, Greece"
,7000pc4s,2025-02-07 15:16:49.568,36.6165,25.6204,10.0,4.6,,,326,0,51.0,earthquake,"27 km NE of Firá, Greece"
,7000pdqy,2025-02-07 12:29:08.614,36.5994,25.5155,10.0,4.1,,,259,0,101.0,earthquake,"19 km NE of Oía, Greece"
,7000pdqj,2025-02-07 10:32:05.141,36.2997,25.6272,10.0,4.3,,,284,0,119.0,earthquake,"17 km ESE of Emporeío, Greece"
,7000pc2q,2025-02-07 10:30:28.148,36.5592,25.4803,10.0,4.4,,,298,0,102.0,earthquake,"14 km NE of Oía, Greece"
,7000pdqg,2025-02-07 08:52:21.407,36.5882,25.57,10.0,4.1,,,259,0,103.0,earthquake,"22 km NE of Oía, Greece"
,7000pdq7,2025-02-07 07:36:14.156,36.4619,25.5745,10.0,4.0,,,246,0,86.0,earthquake,"13 km ENE of Mesariá, Greece"
,7000pc23,2025-02-07 07:16:15.200,36.5924,25.6059,10.0,4.9,,4.0,372,0,58.0,earthquake,"24 km NE of Firá, Greece"
,7000pc24,2025-02-07 07:11:23.267,36.6445,25.6163,10.0,4.4,,,298,0,78.0,earthquake,"29 km NE of Oía, Greece"
,7000pdrj,2025-02-07 05:07:20.069,36.4694,25.7223,10.0,4.1,,,259,0,113.0,earthquake,"25 km ENE of Mesariá, Greece"
,7000pc0z,2025-02-07 05:06:39.420,36.5471,25.613,10.0,4.1,,,259,0,106.0,earthquake,"21 km NE of Firá, Greece"
,7000pdpz,2025-02-07 04:56:39.697,36.5637,25.6068,10.0,4.2,,,271,0,105.0,earthquake,"22 km NE of Firá, Greece"
,7000pc04,2025-02-07 03:35:33.451,36.5114,25.5061,10.0,4.4,,,298,0,74.0,earthquake,"12 km NE of Firá, Greece"
,7000pbxc,2025-02-06 20:08:11.019,36.605,25.5811,10.0,4.2,,,271,0,78.0,earthquake,"24 km NE of Oía, Greece"
,7000pbx6,2025-02-06 19:34:47.242,36.5043,25.6455,10.0,4.4,,,298,0,61.0,earthquake,"21 km ENE of Mesariá, Greece"
,7000pbwr,2025-02-06 18:16:45.198,36.5207,25.638,10.0,4.3,,1.0,285,0,84.0,earthquake,"21 km ENE of Firá, Greece"
,7000pbw6,2025-02-06 18:03:39.830,36.5168,25.5922,10.0,4.1,,,259,0,103.0,earthquake,"17 km NE of Firá, Greece"
,7000pbti,2025-02-06 14:09:55.814,36.5594,25.5624,10.0,4.4,,,298,0,104.0,earthquake,"19 km NE of Firá, Greece"
,7000pdmn,2025-02-06 11:29:19.569,36.4855,25.6732,10.0,4.1,,,259,0,93.0,earthquake,"22 km ENE of Mesariá, Greece"
,7000pdmz,2025-02-06 08:29:38.436,36.529,25.6307,10.0,4.1,,,259,0,107.0,earthquake,"21 km ENE of Firá, Greece"
,7000pbs6,2025-02-06 07:57:45.018,36.554,25.638,10.0,4.5,,,312,0,81.0,earthquake,"23 km NE of Firá, Greece"
,7000pdns,2025-02-06 06:23:04.636,36.4627,25.764,10.0,4.2,,,271,0,109.0,earthquake,"29 km ENE of Mesariá, Greece"
,7000pbs0,2025-02-06 06:21:57.019,36.5779,25.5158,10.0,4.4,,,298,0,99.0,earthquake,"17 km NE of Oía, Greece"
,7000pdmp,2025-02-06 06:00:42.945,36.5965,25.6156,10.0,4.2,,,271,0,102.0,earthquake,"25 km NE of Firá, Greece"
,7000pbrr,2025-02-06 05:51:47.236,36.5889,25.5151,10.0,4.7,,,340,0,38.0,earthquake,"18 km NE of Oía, Greece"
,7000pdmj,2025-02-06 04:26:24.930,36.5911,25.7151,10.0,4.0,,,246,0,78.0,earthquake,"31 km SSW of Amorgós, Greece"
,7000pbr0,2025-02-06 04:08:18.419,36.5883,25.6528,10.0,4.1,,,259,0,80.0,earthquake,"27 km NE of Firá, Greece"
,7000pdmi,2025-02-06 03:42:53.895,36.5629,25.5747,10.0,4.0,,,246,0,101.0,earthquake,"20 km NE of Firá, Greece"
,7000pbqv,2025-02-06 03:36:40.836,36.5277,25.6116,10.0,4.4,,,298,0,82.0,earthquake,"20 km NE of Firá, Greece"
,7000pbqt,2025-02-06 03:33:51.787,36.5844,25.5382,10.0,4.4,,,298,0,80.0,earthquake,"19 km NE of Oía, Greece"
,7000pdm1,2025-02-06 03:32:17.025,36.6515,25.6017,10.0,4.0,,,246,0,101.0,earthquake,"29 km NE of Oía, Greece"
,7000pbqr,2025-02-06 03:28:55.347,36.5634,25.5821,10.0,4.3,,,284,0,105.0,earthquake,"20 km NE of Firá, Greece"
,7000pdm0,2025-02-06 03:23:38.285,36.575,25.326,10.0,4.4,,,298,0,110.0,earthquake,"13 km NNW of Oía, Greece"
,7000pbqp,2025-02-06 03:23:08.406,36.6338,25.5307,10.0,4.6,,,326,0,58.0,earthquake,"23 km NE of Oía, Greece"
,7000pbqw,2025-02-06 03:19:14.950,36.5165,25.5306,10.0,4.2,,,271,0,81.0,earthquake,"13 km NE of Firá, Greece"
,7000pdnw,2025-02-06 03:13:31.851,36.5405,25.6208,10.0,4.0,,,246,0,107.0,earthquake,"21 km NE of Firá, Greece"
,7000pbqn,2025-02-06 03:11:49.638,36.6169,25.4489,10.0,4.0,,,246,0,96.0,earthquake,"18 km NNE of Oía, Greece"
,7000pdnv,2025-02-06 03:06:03.788,36.584,25.6604,10.0,4.1,,,259,0,77.0,earthquake,"27 km NE of Firá, Greece"
,7000pdlx,2025-02-06 03:05:26.931,36.215,25.3845,10.0,4.1,,,259,0,105.0,earthquake,"16 km SSW of Emporeío, Greece"
,7000pdlt,2025-02-06 03:03:17.564,36.5249,25.5965,10.0,4.2,,,271,0,103.0,earthquake,"18 km NE of Firá, Greece"
,7000pdnr,2025-02-06 03:00:44.920,36.6435,25.5646,10.0,4.4,,,298,0,51.0,earthquake,"26 km NE of Oía, Greece"
,7000pbqj,2025-02-06 03:00:04.458,36.5506,25.5337,10.0,4.2,,,271,0,58.0,earthquake,"17 km NNE of Firá, Greece"
,7000pdlw,2025-02-06 02:56:57.176,36.6553,25.5847,10.0,4.3,,,284,0,99.0,earthquake,"28 km ESE of Íos, Greece"
,7000pdlv,2025-02-06 02:54:48.940,36.3315,25.6289,10.0,4.5,,,312,0,110.0,earthquake,"16 km E of Emporeío, Greece"
,7000pbqh,2025-02-06 02:54:21.080,36.4859,25.6259,10.0,4.5,,,312,0,85.0,earthquake,"18 km ENE of Mesariá, Greece"
,7000pbqf,2025-02-06 02:52:42.751,36.5855,25.6518,10.0,4.4,,,298,0,80.0,earthquake,"26 km NE of Firá, Greece"
,7000pbqe,2025-02-06 02:48:36.799,36.4844,25.6269,10.0,4.4,,,298,0,58.0,earthquake,"18 km ENE of Mesariá, Greece"
,7000pbqd,2025-02-06 02:45:53.538,36.5891,25.6876,10.0,4.3,,,284,0,58.0,earthquake,"29 km NE of Firá, Greece"
,7000pbq9,2025-02-06 02:27:27.716,36.5214,25.6357,10.0,4.3,,,284,0,58.0,earthquake,"21 km ENE of Firá, Greece"
,7000pbq8,2025-02-06 02:24:23.155,36.6312,25.6651,10.0,4.5,,,312,0,58.0,earthquake,"30 km SW of Amorgós, Greece"
,7000pbq6,2025-02-06 02:02:10.914,36.6944,25.6693,10.0,4.2,,,271,0,58.0,earthquake,"25 km SW of Amorgós, Greece"
,7000pbq5,2025-02-06 01:41:05.492,36.6184,25.7369,10.0,4.1,,0.0,259,0,106.0,earthquake,"27 km SSW of Amorgós, Greece"
,7000pbpa,2025-02-05 23:16:41.361,36.6105,25.6483,10.0,4.2,,,271,0,58.0,earthquake,"28 km NE of Firá, Greece"
,7000pbp4,2025-02-05 22:59:23.744,36.4914,25.7564,10.0,4.1,,,259,0,113.0,earthquake,"29 km ENE of Mesariá, Greece"
,7000pbp3,2025-02-05 22:57:45.590,36.6378,25.6473,10.0,4.2,,,271,0,58.0,earthquake,"30 km NE of Firá, Greece"
,7000pdgd,2025-02-05 22:33:27.540,36.6464,25.7297,10.0,4.1,,,259,0,105.0,earthquake,"25 km SW of Amorgós, Greece"
,7000pdg8,2025-02-05 21:05:00.010,36.6622,25.6841,10.0,4.1,,,259,0,100.0,earthquake,"26 km SW of Amorgós, Greece"
,7000pbmp,2025-02-05 19:09:38.388,36.6148,25.6436,10.0,5.1,,10.0,407,0,47.0,earthquake,"28 km NE of Firá, Greece"
,7000pbml,2025-02-05 19:00:47.706,36.5671,25.655,10.0,4.4,,,298,0,51.0,earthquake,"25 km NE of Firá, Greece"
,7000pbln,2025-02-05 17:47:26.249,36.5406,25.6733,10.0,4.8,,1.0,355,0,78.0,earthquake,"25 km ENE of Firá, Greece"
,7000pdfz,2025-02-05 17:45:51.503,36.6374,25.742,10.0,4.1,,,259,0,78.0,earthquake,"25 km SSW of Amorgós, Greece"
,7000pdfs,2025-02-05 16:24:08.395,36.5719,25.6947,10.0,4.1,,,259,0,78.0,earthquake,"28 km NE of Firá, Greece"
,7000pbkv,2025-02-05 16:18:41.985,36.5349,25.742,10.0,4.2,,,271,0,107.0,earthquake,"30 km ENE of Mesariá, Greece"
,7000pdgj,2025-02-05 16:16:42.158,36.5564,25.6616,10.0,4.3,,,284,0,104.0,earthquake,"25 km NE of Firá, Greece"
,7000pdfp,2025-02-05 15:58:48.386,36.5793,25.7486,10.0,4.2,,,271,0,79.0,earthquake,"31 km SSW of Amorgós, Greece"
,7000pdg0,2025-02-05 14:49:33.996,36.6834,25.407,10.0,4.2,,,271,0,73.0,earthquake,"12 km ESE of Íos, Greece"
,7000pdfh,2025-02-05 14:33:19.791,36.6166,25.7299,9.395,4.1,,,259,0,77.0,earthquake,"28 km SSW of Amorgós, Greece"
,7000pdfe,2025-02-05 13:55:06.512,36.5576,25.931,10.0,4.1,,,259,0,56.0,earthquake,"30 km S of Amorgós, Greece"
,7000pdfq,2025-02-05 13:09:09.158,36.5721,25.7398,10.0,4.2,,,271,0,106.0,earthquake,"32 km SSW of Amorgós, Greece"
,7000pdfb,2025-02-05 12:14:31.251,36.4972,25.7925,10.0,4.3,,,284,0,109.0,earthquake,"32 km ENE of Mesariá, Greece"
,7000pdfa,2025-02-05 12:09:36.056,36.6351,25.7018,10.0,4.3,,,284,0,84.0,earthquake,"28 km SW of Amorgós, Greece"
,7000pbj8,2025-02-05 11:52:32.550,36.504,25.6371,10.0,4.3,,,284,0,105.0,earthquake,"20 km NE of Mesariá, Greece"
,7000pdf9,2025-02-05 11:50:38.676,36.5056,25.6042,10.0,4.1,,,259,0,117.0,earthquake,"18 km ENE of Firá, Greece"
,7000pdfl,2025-02-05 11:40:24.195,36.6669,25.6653,10.0,4.4,,,298,0,77.0,earthquake,"27 km SW of Amorgós, Greece"
,7000pbj0,2025-02-05 11:33:48.303,36.6717,25.6831,10.0,4.5,,,312,0,58.0,earthquake,"26 km SW of Amorgós, Greece"
,7000pdfj,2025-02-05 11:26:05.218,36.3957,25.5448,10.0,4.6,,,326,0,111.0,earthquake,"8 km E of Mesariá, Greece"
,7000pdfi,2025-02-05 11:25:34.311,36.6658,25.5378,10.0,4.4,,,298,0,99.0,earthquake,"23 km ESE of Íos, Greece"
,7000pdf5,2025-02-05 11:24:03.684,36.4636,25.6653,10.0,4.3,,,284,0,112.0,earthquake,"20 km ENE of Mesariá, Greece"
,7000pdfx,2025-02-05 11:21:41.679,36.5635,25.5224,10.0,4.4,,,298,0,68.0,earthquake,"17 km NE of Oía, Greece"
,7000pbiu,2025-02-05 11:17:26.723,36.554,25.5345,10.0,4.7,,,340,0,104.0,earthquake,"17 km NE of Oía, Greece"
,7000pdfu,2025-02-05 11:16:06.200,36.4851,25.7023,10.0,4.3,,,284,0,107.0,earthquake,"24 km ENE of Mesariá, Greece"
,7000pdf3,2025-02-05 11:13:42.954,36.5331,25.7297,10.0,4.5,,,312,0,106.0,earthquake,"29 km ENE of Mesariá, Greece"
,7000pdgq,2025-02-05 11:10:57.322,36.6477,25.6137,10.0,4.6,,,326,0,102.0,earthquake,"29 km NE of Oía, Greece"
,7000pdft,2025-02-05 11:10:24.486,36.6906,25.653,10.0,4.8,,,354,0,77.0,earthquake,"26 km SW of Amorgós, Greece"
,7000pbir,2025-02-05 11:08:58.272,36.7115,25.5851,10.0,4.7,,,340,0,58.0,earthquake,"27 km E of Íos, Greece"
,7000pdf6,2025-02-05 11:03:44.610,36.5823,25.6876,10.0,4.2,,,271,0,104.0,earthquake,"29 km NE of Firá, Greece"
,7000pdf4,2025-02-05 11:02:23.747,36.8936,25.7032,10.0,4.1,,,259,0,73.0,earthquake,"18 km WNW of Amorgós, Greece"
,7000pdf2,2025-02-05 10:59:31.095,36.4131,25.7491,10.0,4.4,,,298,0,116.0,earthquake,"27 km E of Mesariá, Greece"
,7000pdf0,2025-02-05 10:47:45.803,36.4647,25.7601,10.0,4.2,,,271,0,82.0,earthquake,"28 km ENE of Mesariá, Greece"
,7000pbig,2025-02-05 10:35:08.773,36.6007,25.6274,10.0,4.8,,1.0,355,0,58.0,earthquake,"26 km NE of Firá, Greece"
,7000pdew,2025-02-05 09:00:54.734,36.531,25.6446,10.0,4.2,,,271,0,108.0,earthquake,"22 km ENE of Firá, Greece"
,7000pdev,2025-02-05 07:41:00.506,36.2087,25.5002,10.0,4.0,,,246,0,119.0,earthquake,"17 km SSE of Emporeío, Greece"
,7000pbfc,2025-02-05 06:55:35.568,36.5893,25.87,10.0,4.4,,,298,0,110.0,earthquake,"27 km S of Amorgós, Greece"
,7000pdeq,2025-02-05 02:28:27.151,36.5615,25.531,10.0,4.0,,,246,0,80.0,earthquake,"17 km NE of Oía, Greece"
,7000pbdi,2025-02-05 02:21:04.347,36.674,25.5159,10.0,4.4,,,298,0,71.0,earthquake,"21 km ESE of Íos, Greece"
,7000pbdh,2025-02-05 02:16:43.827,36.6133,25.6747,10.0,4.1,,1.0,259,0,105.0,earthquake,"30 km NE of Firá, Greece"
,7000pdej,2025-02-05 01:55:24.078,36.4659,25.6444,10.0,4.1,,,259,0,111.0,earthquake,"19 km ENE of Mesariá, Greece"
,7000pdeg,2025-02-05 00:36:05.668,36.6555,25.5397,10.0,4.1,,,259,0,67.0,earthquake,"24 km ESE of Íos, Greece"
,7000pd6t,2025-02-04 23:57:06.349,36.5936,25.5745,10.0,4.2,,,271,0,74.0,earthquake,"22 km NE of Oía, Greece"
,7000pd6s,2025-02-04 23:50:47.684,35.7254,25.4952,58.975,4.2,,,271,0,148.0,earthquake,"45 km NNE of Limín Khersonísou, Greece"
,7000pd6i,2025-02-04 21:11:41.258,36.4941,25.6559,10.0,4.0,,,246,0,79.0,earthquake,"21 km ENE of Mesariá, Greece"
,7000pbbk,2025-02-04 20:40:59.032,36.5869,25.723,10.0,4.4,,,298,0,80.0,earthquake,"31 km SSW of Amorgós, Greece"
,7000pbbi,2025-02-04 20:18:22.131,36.498,25.6297,10.0,4.2,,,271,0,58.0,earthquake,"19 km NE of Mesariá, Greece"
,7000pd76,2025-02-04 20:06:54.717,36.5433,25.7047,10.0,4.5,,,312,0,79.0,earthquake,"28 km NE of Mesariá, Greece"
,7000pd6f,2025-02-04 20:05:38.293,36.4771,25.7281,10.0,4.5,,,312,0,81.0,earthquake,"26 km ENE of Mesariá, Greece"
,7000pd74,2025-02-04 20:03:11.393,36.5267,25.4495,10.0,4.2,,,271,0,102.0,earthquake,"9 km NE of Oía, Greece"
,7000pbba,2025-02-04 20:00:23.415,36.5665,25.5654,10.0,4.7,,1.0,340,0,58.0,earthquake,"20 km NE of Firá, Greece"
,7000pd6e,2025-02-04 19:54:22.998,36.5564,25.6016,10.0,4.1,,,259,0,105.0,earthquake,"21 km NE of Firá, Greece"
,7000pbb9,2025-02-04 19:52:04.150,36.5337,25.6148,10.0,4.3,,,284,0,77.0,earthquake,"20 km NE of Firá, Greece"
,7000pbb8,2025-02-04 19:50:33.507,36.6084,25.6763,10.0,4.4,,,298,0,84.0,earthquake,"30 km NE of Firá, Greece"
,7000pbar,2025-02-04 19:03:39.600,36.5581,25.6069,10.0,4.1,,,259,0,85.0,earthquake,"21 km NE of Firá, Greece"
,7000pd66,2025-02-04 17:22:56.494,36.6327,25.4813,10.0,4.4,,,298,0,82.0,earthquake,"20 km ESE of Íos, Greece"
,7000pba3,2025-02-04 17:10:52.053,36.6039,25.6079,10.0,4.5,,,312,0,33.0,earthquake,"25 km NE of Firá, Greece"
,7000pd5t,2025-02-04 14:03:46.661,36.5349,25.7426,13.041,4.1,,,259,0,78.0,earthquake,"30 km ENE of Mesariá, Greece"
,7000pd5s,2025-02-04 13:52:31.403,36.6202,25.655,10.0,4.0,,,246,0,89.0,earthquake,"29 km NE of Firá, Greece"
,7000pb82,2025-02-04 13:04:14.561,36.5558,25.6022,13.546,5.3,,19.0,446,0,36.0,earthquake,"21 km NE of Firá, Greece"
,7000pb81,2025-02-04 12:59:38.080,36.626,25.7153,10.0,4.2,,,271,0,104.0,earthquake,"28 km SW of Amorgós, Greece"
,7000pb7z,2025-02-04 12:50:20.249,36.6392,25.6531,11.646,4.4,,,298,0,62.0,earthquake,"30 km SW of Amorgós, Greece"
,7000pb7w,2025-02-04 12:36:50.211,36.483,25.5546,10.775,4.7,,,340,0,58.0,earthquake,"13 km ENE of Firá, Greece"
,7000pd5m,2025-02-04 12:15:00.419,36.5904,25.646,10.0,4.3,,,284,0,80.0,earthquake,"26 km NE of Firá, Greece"
,7000pd5k,2025-02-04 12:04:43.855,36.6497,25.6013,10.0,4.2,,,271,0,101.0,earthquake,"28 km NE of Oía, Greece"
,7000pb7n,2025-02-04 10:35:48.041,36.6934,25.6689,9.479,4.3,,,284,0,101.0,earthquake,"25 km SW of Amorgós, Greece"
,7000pd5c,2025-02-04 09:23:29.689,36.5768,25.5841,10.0,4.3,,,284,0,75.0,earthquake,"22 km NE of Firá, Greece"
,7000pb7g,2025-02-04 09:09:29.958,36.6575,25.6501,7.512,4.7,,,340,0,58.0,earthquake,"29 km SW of Amorgós, Greece"
,7000pb7d,2025-02-04 09:03:18.906,36.5729,25.7204,7.822,4.6,,,326,0,68.0,earthquake,"30 km ENE of Firá, Greece"
,7000pb7a,2025-02-04 08:55:26.728,36.5417,25.6129,10.0,4.6,,,326,0,86.0,earthquake,"21 km NE of Firá, Greece"
,7000pb74,2025-02-04 08:15:44.825,36.5492,25.6635,10.0,4.4,,,298,0,107.0,earthquake,"25 km NE of Firá, Greece"
,7000pd53,2025-02-04 06:56:24.336,36.5615,25.5654,10.0,4.1,,,259,0,104.0,earthquake,"19 km NE of Firá, Greece"
,7000pb6g,2025-02-04 06:53:24.857,36.5853,25.6551,10.0,4.6,,,326,0,51.0,earthquake,"27 km NE of Firá, Greece"
,7000pd5j,2025-02-04 06:37:57.560,36.403,25.6746,10.0,4.1,,,259,0,115.0,earthquake,"20 km E of Mesariá, Greece"
,7000pb69,2025-02-04 06:09:12.089,36.6036,25.674,10.0,4.7,,1.0,340,0,51.0,earthquake,"29 km NE of Firá, Greece"
,7000pd5d,2025-02-04 05:30:56.977,36.5427,25.5369,10.0,4.1,,,259,0,80.0,earthquake,"16 km NE of Firá, Greece"
,7000pd51,2025-02-04 05:07:14.083,36.5833,25.5695,10.0,4.2,,,271,0,103.0,earthquake,"21 km NE of Firá, Greece"
,7000pb5l,2025-02-04 03:03:51.958,36.5662,25.6764,10.0,4.2,,,271,0,80.0,earthquake,"27 km NE of Firá, Greece"
,7000pd7b,2025-02-04 02:48:16.318,36.5655,25.6209,10.0,4.4,,,298,0,106.0,earthquake,"23 km NE of Firá, Greece"
,7000pb5h,2025-02-04 02:46:06.496,36.6507,25.6615,10.0,5.0,,2.0,386,0,54.0,earthquake,"29 km SW of Amorgós, Greece"
,7000pb5a,2025-02-04 01:19:36.938,36.5487,25.5124,10.0,4.1,,,259,0,58.0,earthquake,"15 km NE of Oía, Greece"
,7000pcyp,2025-02-03 23:17:33.123,36.3743,25.5958,10.0,4.1,,,259,0,80.0,earthquake,"13 km ESE of Mesariá, Greece"
,7000pcyj,2025-02-03 21:23:08.202,36.4969,25.6954,10.0,4.1,,,259,0,80.0,earthquake,"24 km ENE of Mesariá, Greece"
,7000pb37,2025-02-03 20:39:14.773,36.6643,25.6754,10.0,4.6,,1.0,326,0,58.0,earthquake,"27 km SW of Amorgós, Greece"
,7000pcyg,2025-02-03 20:28:13.127,36.6601,25.5204,10.0,4.2,,,271,0,78.0,earthquake,"22 km ESE of Íos, Greece"
,7000pczb,2025-02-03 20:23:53.566,36.5831,25.7287,10.0,4.3,,,284,0,107.0,earthquake,"31 km SSW of Amorgós, Greece"
,7000pb33,2025-02-03 20:19:39.012,36.5365,25.6279,10.0,4.9,,1.0,370,0,58.0,earthquake,"21 km NE of Firá, Greece"
,7000pb28,2025-02-03 17:44:59.393,36.5473,25.6076,10.0,4.7,,,340,0,60.0,earthquake,"21 km NE of Firá, Greece"
,7000pcye,2025-02-03 15:19:05.096,36.5015,25.8113,10.0,4.4,,,298,0,70.0,earthquake,"34 km ENE of Mesariá, Greece"
,7000pb0n,2025-02-03 13:52:50.341,36.5658,25.6603,10.0,4.1,,,259,0,80.0,earthquake,"26 km NE of Firá, Greece"
,7000pb0j,2025-02-03 13:05:04.508,36.6377,25.566,10.0,4.5,,1.0,312,0,58.0,earthquake,"25 km NE of Oía, Greece"
,7000pcxs,2025-02-03 12:38:48.270,36.6579,25.6902,10.0,4.2,,,271,0,78.0,earthquake,"26 km SW of Amorgós, Greece"
,7000pcxr,2025-02-03 12:37:14.836,36.5141,25.74,10.0,4.0,,,246,0,80.0,earthquake,"29 km ENE of Mesariá, Greece"
,7000pcxq,2025-02-03 12:31:54.365,36.6,25.6448,10.0,4.1,,,259,0,102.0,earthquake,"27 km NE of Firá, Greece"
,7000pb0e,2025-02-03 12:17:40.723,36.6164,25.6564,10.0,4.9,,5.0,373,0,58.0,earthquake,"29 km NE of Firá, Greece"
,7000pb0d,2025-02-03 12:10:07.926,36.6113,25.6845,10.0,4.3,,,284,0,105.0,earthquake,"31 km NE of Firá, Greece"
,7000pb0b,2025-02-03 11:50:48.678,36.6886,25.6302,10.0,4.6,,1.0,326,0,58.0,earthquake,"28 km WSW of Amorgós, Greece"
,7000pcxi,2025-02-03 11:44:05.442,36.6773,25.6891,10.0,4.2,,,271,0,102.0,earthquake,"25 km SW of Amorgós, Greece"
,7000pb05,2025-02-03 11:21:00.070,36.6848,25.6611,10.0,4.4,,1.0,298,0,77.0,earthquake,"26 km SW of Amorgós, Greece"
,7000pcxc,2025-02-03 10:36:08.485,36.4411,25.628,10.0,4.1,,,259,0,106.0,earthquake,"16 km ENE of Mesariá, Greece"
,7000pcxu,2025-02-03 09:48:58.505,36.6194,25.6796,10.0,4.3,,,284,0,79.0,earthquake,"30 km SW of Amorgós, Greece"
,7000pazp,2025-02-03 09:29:43.127,36.6077,25.6,10.0,5.0,,2.0,386,0,82.0,earthquake,"25 km NE of Firá, Greece"
,7000pcx8,2025-02-03 09:27:17.715,36.489,25.5688,10.0,4.1,,,259,0,83.0,earthquake,"14 km ENE of Firá, Greece"
,7000pazm,2025-02-03 08:56:52.421,36.4216,25.7353,10.153,4.4,,,298,0,110.0,earthquake,"25 km E of Mesariá, Greece"
,7000pcx6,2025-02-03 08:52:43.292,36.5281,25.6399,10.0,4.1,,,259,0,77.0,earthquake,"22 km ENE of Firá, Greece"
,7000pazi,2025-02-03 08:26:28.762,36.6341,25.669,10.0,4.9,,2.0,371,0,58.0,earthquake,"30 km SW of Amorgós, Greece"
,7000pcx5,2025-02-03 08:17:23.641,36.5354,25.7856,10.0,4.4,,,298,0,111.0,earthquake,"33 km ENE of Mesariá, Greece"
,7000paze,2025-02-03 08:13:08.477,36.6477,25.669,10.57,4.8,,2.0,356,0,58.0,earthquake,"28 km SW of Amorgós, Greece"
,7000pazc,2025-02-03 08:10:15.874,36.6711,25.6052,8.236,4.5,,,312,0,58.0,earthquake,"29 km ESE of Íos, Greece"
,7000pcxx,2025-02-03 08:06:30.580,36.553,25.6585,10.0,4.3,,,284,0,104.0,earthquake,"25 km NE of Firá, Greece"
,7000pazb,2025-02-03 08:05:34.509,36.546,25.6381,6.724,4.3,,,284,0,75.0,earthquake,"23 km NE of Firá, Greece"
,7000paz6,2025-02-03 07:59:00.719,36.3028,25.688,10.0,4.5,,1.0,312,0,33.0,earthquake,"22 km ESE of Emporeío, Greece"
,7000pcx4,2025-02-03 07:50:53.529,36.2377,25.6352,10.0,4.5,,,312,0,113.0,earthquake,"21 km SE of Emporeío, Greece"
,7000pcx3,2025-02-03 07:49:21.327,36.5093,25.6791,10.0,4.1,,,259,0,106.0,earthquake,"24 km ENE of Mesariá, Greece"
,7000paz0,2025-02-03 07:45:05.185,36.4397,25.7803,8.702,4.4,,,298,0,84.0,earthquake,"30 km E of Mesariá, Greece"
,7000payz,2025-02-03 07:42:46.030,36.5756,25.5483,9.072,4.4,,,298,0,84.0,earthquake,"19 km NE of Oía, Greece"
,7000payw,2025-02-03 07:36:22.933,36.5349,25.6412,9.299,4.3,,,284,0,84.0,earthquake,"22 km NE of Firá, Greece"
,7000payl,2025-02-03 07:09:04.633,36.5057,25.6521,12.083,4.2,,,271,0,105.0,earthquake,"21 km ENE of Mesariá, Greece"
,7000payb,2025-02-03 05:48:25.485,36.5757,25.5858,11.379,4.3,,,284,0,101.0,earthquake,"22 km NE of Firá, Greece"
,7000pcww,2025-02-03 05:35:22.558,36.5653,25.5865,10.0,4.5,,,312,0,78.0,earthquake,"21 km NE of Firá, Greece"
,7000pcxe,2025-02-03 05:24:43.794,36.3624,25.5488,10.0,4.4,,,298,0,101.0,earthquake,"9 km E of Emporeío, Greece"
,7000pay8,2025-02-03 05:11:50.253,36.6527,25.6467,11.361,4.3,,,284,0,102.0,earthquake,"29 km SW of Amorgós, Greece"
,7000pay4,2025-02-03 05:10:44.768,36.5059,25.6047,10.0,4.2,,1.0,272,0,108.0,earthquake,"18 km ENE of Firá, Greece"
,7000paxw,2025-02-03 04:20:40.158,36.5755,25.6175,9.499,4.4,,,298,0,58.0,earthquake,"23 km NE of Firá, Greece"
,7000pax9,2025-02-03 01:59:29.522,36.5995,25.5887,10.0,4.1,,,259,0,58.0,earthquake,"24 km NE of Firá, Greece"
,7000pawd,2025-02-02 23:54:41.798,36.5329,25.6191,10.0,4.5,,,312,0,51.0,earthquake,"20 km NE of Firá, Greece"
,7000pavd,2025-02-02 20:14:24.520,36.5404,25.5038,10.0,4.5,,1.0,312,0,82.0,earthquake,"14 km NE of Oía, Greece"
,7000pav1,2025-02-02 18:27:46.605,36.7295,25.5464,10.0,4.2,,,271,0,97.0,earthquake,"23 km E of Íos, Greece"
,7000pauv,2025-02-02 18:25:30.194,36.6349,25.6933,10.0,4.2,,,271,0,103.0,earthquake,"28 km SW of Amorgós, Greece"
,7000pauq,2025-02-02 17:45:42.629,36.4975,25.5497,10.0,4.7,,1.0,340,0,55.0,earthquake,"13 km NE of Firá, Greece"
,7000paup,2025-02-02 17:41:20.249,36.5144,25.64,10.0,4.7,,3.0,341,0,58.0,earthquake,"21 km ENE of Firá, Greece"
,7000pauf,2025-02-02 17:04:11.184,36.543,25.6697,10.0,4.2,,,271,0,63.0,earthquake,"25 km ENE of Firá, Greece"
,7000patl,2025-02-02 13:32:30.092,36.5684,25.6185,10.0,4.3,,,284,0,65.0,earthquake,"23 km NE of Firá, Greece"
,7000patf,2025-02-02 12:55:42.204,36.6529,25.6674,10.0,4.8,,4.0,356,0,36.0,earthquake,"28 km SW of Amorgós, Greece"
,7000pcq0,2025-02-02 12:10:09.601,36.5338,25.6618,10.0,4.4,,,298,0,105.0,earthquake,"24 km ENE of Firá, Greece"
,7000pat1,2025-02-02 11:53:44.262,36.6465,25.6007,10.0,4.4,,,298,0,81.0,earthquake,"28 km NE of Oía, Greece"
,7000pasz,2025-02-02 11:41:27.490,36.63,25.6257,10.0,4.4,,,298,0,51.0,earthquake,"29 km NE of Firá, Greece"
,7000pasy,2025-02-02 11:35:33.679,36.5915,25.6267,10.0,4.4,,,298,0,102.0,earthquake,"25 km NE of Firá, Greece"
,7000pasv,2025-02-02 11:04:14.286,36.4618,25.6086,10.0,4.2,,,271,0,58.0,earthquake,"15 km ENE of Mesariá, Greece"
,7000pcpg,2025-02-02 09:34:22.582,36.5257,25.497,10.0,4.3,,,284,0,100.0,earthquake,"12 km ENE of Oía, Greece"
,7000pcph,2025-02-02 09:26:24.826,36.5284,25.7839,10.0,4.0,,,246,0,111.0,earthquake,"33 km ENE of Mesariá, Greece"
,7000pas7,2025-02-02 09:14:22.781,36.5768,25.5273,10.0,4.2,,,271,0,103.0,earthquake,"18 km NE of Oía, Greece"
,7000pas3,2025-02-02 08:37:04.039,36.6227,25.5527,10.0,4.1,,,259,0,101.0,earthquake,"23 km NE of Oía, Greece"
,7000parp,2025-02-02 07:22:05.309,36.6439,25.592,10.0,4.6,,7.0,328,0,81.0,earthquake,"27 km NE of Oía, Greece"
,7000park,2025-02-02 06:48:08.601,36.4818,25.6178,10.0,4.2,,1.0,272,0,105.0,earthquake,"17 km ENE of Mesariá, Greece"
,7000pamt,2025-02-01 13:29:55.778,36.4448,25.607,10.0,4.4,,,298,0,74.0,earthquake,"15 km ENE of Mesariá, Greece"
,7000pamr,2025-02-01 12:51:44.966,36.4479,25.6859,10.0,4.2,,,271,0,84.0,earthquake,"22 km ENE of Mesariá, Greece"
,7000palr,2025-02-01 10:16:36.340,36.4832,25.6878,10.0,4.0,,,246,0,107.0,earthquake,"23 km ENE of Mesariá, Greece"
,7000pakk,2025-02-01 05:31:34.237,36.5348,25.5769,10.0,4.4,,,298,0,75.0,earthquake,"18 km NE of Firá, Greece"
,7000p9qc,2025-01-28 23:10:18.183,35.1544,27.1096,52.19,4.1,,,259,0,147.0,earthquake,"33 km SSE of Fry, Greece"
,6000pm9g,2025-01-25 06:57:25.683,36.2867,25.4463,15.037,4.0,,,246,0,113.0,earthquake,"7 km S of Emporeío, Greece"
,6000plr8,2025-01-23 02:59:11.572,38.7972,25.2787,10.0,4.3,,,284,0,114.0,earthquake,"37 km NW of Psará, Greece"
,6000plhn,2025-01-21 20:38:43.257,39.4605,26.2965,5.618,5.0,,20.0,397,0,22.0,earthquake,"4 km SW of Behram, Turkey"
,6000pj44,2025-01-10 04:08:52.559,36.0441,35.984,10.0,4.2,,3.0,272,0,98.0,earthquake,"11 km SW of Büyükçat, Turkey"
,6000pii1,2025-01-08 01:30:03.901,39.8711,41.7947,10.0,4.6,,,326,0,41.0,earthquake,"16 km SE of Pasinler, Turkey"
,6000pi4u,2025-01-06 08:46:56.186,36.5503,26.8011,150.935,4.5,,,312,0,62.0,earthquake,"25 km SSW of Kéfalos, Greece"
,6000pi3c,2025-01-06 01:30:34.279,36.0601,28.0709,10.0,4.2,,1.0,272,0,108.0,earthquake,"6 km SE of Lárdos, Greece"
,6000phj9,2025-01-03 13:51:02.330,36.4681,31.9278,10.0,4.5,,10.0,316,0,56.0,earthquake,"10 km SW of Alanya, Turkey"
,6000pgn5,2024-12-31 10:46:26.185,38.0237,37.5896,10.0,4.0,,,246,0,119.0,earthquake,"14 km ENE of Nurhak, Turkey"
,6000pgj8,2024-12-30 20:30:29.771,39.3751,37.2314,6.669,4.3,,,284,0,38.0,earthquake,"18 km ESE of Ulaş, Turkey"
,6000pgdx,2024-12-30 02:25:16.912,36.687,30.1626,9.911,4.1,,1.0,259,0,45.0,earthquake,"22 km ESE of Elmalı, Turkey"
,6000pg94,2024-12-29 08:02:09.337,35.1088,26.3233,44.455,4.5,,1.0,312,0,56.0,earthquake,"11 km SSE of Palekastro, Greece"
,6000pg7q,2024-12-29 00:15:14.579,35.2643,27.1302,35.958,4.1,,,259,0,96.0,earthquake,"25 km SE of Fry, Greece"
,7000nzxu,2024-12-19 01:58:41.767,37.9621,29.4149,10.0,4.1,,,259,0,36.0,earthquake,"17 km W of Baklan, Turkey"
,7000nzp3,2024-12-18 00:01:24.748,38.1155,28.9946,10.0,4.1,,,259,0,57.0,earthquake,"13 km W of Gözler, Turkey"
,7000nzdz,2024-12-16 22:33:44.904,36.3898,26.9074,127.978,4.2,,,271,0,136.0,earthquake,"31 km SW of Mandráki, Greece"
,7000ny5a,2024-12-12 14:20:25.225,35.2913,43.3111,10.0,4.3,,1.0,285,0,76.0,earthquake,"6 km WNW of Hawe Ben Alean, Iraq"
,7000ny4i,2024-12-12 11:34:52.405,40.444,26.1945,10.0,4.2,,,271,0,37.0,earthquake,"32 km NNW of Eceabat, Turkey"
